Timestamp (JD), File Timestamp (JD), BX Peg : Intensity [ADU], BX Peg : Error, BX Peg : Signal-to-Noise Ratio, BX Peg : FWHM (Centroid), BX Peg : Instrument Magnitude (Centroid), BX Peg : Magnitude (Centroid), Ref1 : Intensity [ADU], Ref127 : Error, Ref127 : Signal-to-Noise Ratio, Ref127 : FWHM (Centroid), Ref1 : Instrument Magnitude (Centroid), Ref127 : Magnitude (Centroid), Chk1 : Intensity [ADU], Chk1 : Error, Chk1 : Signal-to-Noise Ratio, Chk1 : FWHM (Centroid), Chk1 : Instrument Magnitude (Centroid), Chk1 : Magnitude (Centroid), Chk2 : Intensity [ADU], Chk2 : Error, Chk2 : Signal-to-Noise Ratio, Chk2 : FWHM (Centroid), Chk2 : Instrument Magnitude (Centroid), Chk2 : Magnitude (Centroid)
2458413.593,2458413.592,608869.25,0.001,782.043,3.01,10.539,11,127266.234,0.007,164.914,2.997,12.238,12.7,90112.336,0.009,115.311,3.033,12.613,13.075,184406.156,0.004,243.031,3.044,11.836,12.297
2458413.593,2458413.593,615623.875,0.001,800.734,2.968,10.527,10.99,127488.719,0.006,166.61,2.964,12.236,12.7,89389.82,0.01,112.046,2.925,12.622,13.085,185644.219,0.004,245.417,2.967,11.828,12.292
2458413.594,2458413.593,618783.625,0.001,813.036,3.403,10.521,10.979,126817.344,0.007,164.583,3.373,12.242,12.7,91171.719,0.009,122.931,3.409,12.6,13.058,189372.813,0.004,257.222,3.342,11.807,12.265
2458413.594,2458413.594,625356.938,0.001,786.016,3.309,10.51,10.975,127657.32,0.007,163.035,3.323,12.235,12.7,91056.852,0.009,121.451,3.314,12.602,13.067,188972.266,0.004,257.947,3.339,11.809,12.274
2458413.595,2458413.594,626458.938,0.001,765.281,3.177,10.508,10.975,127863.844,0.006,167.257,3.122,12.233,12.7,91865.844,0.009,121.976,3.117,12.592,13.059,187727.828,0.004,249.427,3.108,11.816,12.283
2458413.595,2458413.595,625208.625,0.001,826.213,2.952,10.51,10.982,128443.477,0.006,170.295,2.986,12.228,12.7,90714.188,0.009,114.976,2.962,12.606,13.078,189283.188,0.004,248.015,2.968,11.807,12.279
2458413.596,2458413.595,632636,0.001,832.711,3.033,10.497,10.967,128228.031,0.007,161.989,3.043,12.23,12.7,91081.117,0.009,116.423,3.031,12.601,13.071,188995.375,0.004,253.807,3.034,11.809,12.279
2458413.596,2458413.596,635311.313,0.001,809.922,3.149,10.493,10.965,128494.406,0.006,174.091,3.149,12.228,12.7,92071.922,0.009,119.48,3.105,12.59,13.062,188322.625,0.005,236.155,3.16,11.813,12.285
2458413.597,2458413.597,636720.125,0.001,799.462,2.996,10.49,10.974,129852.742,0.007,166.334,2.996,12.216,12.7,93494.156,0.009,124.051,2.972,12.573,13.057,189712.234,0.004,252.308,2.954,11.805,12.288
2458413.597,2458413.597,638549.875,0.001,805.821,2.981,10.487,10.958,128311.578,0.006,168.071,2.976,12.229,12.7,91964.898,0.009,118.508,2.878,12.591,13.062,192193.219,0.004,261.669,3.031,11.791,12.261
2458413.598,2458413.598,639359.125,0.001,852.234,3.017,10.486,10.977,130804.078,0.006,171.198,3.012,12.208,12.7,91885.797,0.009,123.086,2.983,12.592,13.083,190709.484,0.005,237.639,3.028,11.799,12.291
2458413.598,2458413.598,645594.625,0.001,810.898,3.439,10.475,10.956,129551.789,0.007,158.196,3.443,12.219,12.7,91474.984,0.009,118.422,3.345,12.597,13.078,191735.297,0.004,241.161,3.324,11.793,12.274
2458413.599,2458413.599,643689.25,0.001,780.231,3.277,10.478,10.961,129776.008,0.007,158.806,3.191,12.217,12.7,91939.633,0.009,120.11,3.308,12.591,13.074,190652.969,0.005,239.687,3.279,11.799,12.282
2458413.599,2458413.599,647195,0.001,824.971,3.178,10.472,10.936,127523.93,0.007,156.035,3.12,12.236,12.7,92396.281,0.009,118.296,3.175,12.586,13.05,190733.641,0.005,238.539,3.177,11.799,12.263
2458413.6,2458413.6,646186.5,0.001,794.993,2.935,10.474,10.948,128746.094,0.007,153.065,2.919,12.226,12.7,90488.953,0.009,116.571,2.892,12.609,13.083,191510.953,0.004,253.676,2.929,11.795,12.269
2458413.601,2458413.6,648322.75,0.001,786.701,2.776,10.471,10.943,128500.414,0.006,169.238,2.766,12.228,12.7,93010.844,0.009,121.397,2.76,12.579,13.051,192407.406,0.004,257.449,2.719,11.789,12.262
2458413.601,2458413.601,653397.688,0.001,857.268,2.823,10.462,10.94,129149.75,0.007,163.949,2.819,12.222,12.7,92766.031,0.009,126.489,2.872,12.582,13.059,191290.313,0.004,252.784,2.815,11.796,12.274
2458413.602,2458413.601,651355.688,0.001,810.708,2.958,10.465,10.956,130635.891,0.007,161.13,2.967,12.21,12.7,93173.258,0.009,123.532,2.942,12.577,13.067,192914.625,0.004,253.887,2.937,11.787,12.277
2458413.602,2458413.602,653821.438,0.001,812.826,2.871,10.461,10.955,131116.953,0.007,165.954,2.845,12.206,12.7,93744.5,0.009,123.996,2.782,12.57,13.064,192004.922,0.004,265.163,2.824,11.792,12.286
2458413.603,2458413.602,654735.125,0.001,831.735,2.62,10.46,10.961,132011.328,0.006,173.663,2.596,12.198,12.7,91581.18,0.009,121.65,2.608,12.595,13.097,193181.234,0.004,244.718,2.63,11.785,12.287
2458413.603,2458413.603,653035.313,0.001,832.913,2.642,10.463,10.939,128940.789,0.006,168.666,2.641,12.224,12.7,92297.609,0.009,123.427,2.66,12.587,13.063,192906.047,0.004,255.082,2.685,11.787,12.263
2458413.604,2458413.603,658082.813,0.001,840.615,2.954,10.454,10.953,131678.219,0.006,174.094,2.978,12.201,12.7,91196.305,0.009,117.495,2.862,12.6,13.099,191671.844,0.004,258.516,2.96,11.794,12.292
2458413.604,2458413.604,659843.813,0.001,823.394,2.804,10.451,10.94,130469.688,0.007,162.757,2.776,12.211,12.7,91794.023,0.009,116.961,2.741,12.593,13.082,190618.672,0.004,243.226,2.746,11.8,12.288
2458413.605,2458413.605,662592.938,0.001,788.341,2.927,10.447,10.923,128987.328,0.006,169.675,2.925,12.224,12.7,92209.148,0.009,118.193,2.919,12.588,13.064,191763.656,0.004,254.817,2.869,11.793,12.269
2458413.605,2458413.605,664240.438,0.001,785.07,2.654,10.444,10.922,129148.07,0.007,163.802,2.677,12.222,12.7,92867.203,0.008,127.53,2.619,12.58,13.058,192107.813,0.004,259.585,2.686,11.791,12.269
2458413.606,2458413.606,662982.375,0.001,852.138,2.946,10.446,10.924,129184.695,0.007,163.874,2.899,12.222,12.7,91843,0.009,114.962,2.858,12.592,13.07,192911.219,0.004,247.516,2.873,11.787,12.265
2458413.606,2458413.606,665376.875,0.001,841.854,3.071,10.442,10.925,129684.438,0.006,168.235,3.009,12.218,12.7,92763.938,0.01,111.907,2.97,12.582,13.064,190814.938,0.004,248.27,3.106,11.798,12.281
2458413.607,2458413.607,668330.813,0.001,849.241,3.077,10.438,10.913,128828.672,0.007,163.811,3.051,12.225,12.7,91066.508,0.009,116.035,3.001,12.602,13.077,192347.141,0.004,249.532,3.001,11.79,12.265
2458413.607,2458413.607,666584.5,0.001,801.341,2.871,10.44,10.928,130388.992,0.006,170.754,2.89,12.212,12.7,91059.625,0.009,122.213,2.82,12.602,13.09,193167.766,0.004,260.675,2.898,11.785,12.273
2458413.608,2458413.608,669994.063,0.001,888.004,2.798,10.435,10.916,129549.414,0.007,161.763,2.78,12.219,12.7,91440.367,0.009,114.426,2.721,12.597,13.078,189371.453,0.004,244.174,2.821,11.807,12.288
2458413.609,2458413.608,665636.125,0.001,841.259,2.546,10.442,10.895,126212.016,0.007,151.984,2.561,12.247,12.7,90977.164,0.009,118.172,2.598,12.603,13.055,190224.141,0.005,238.193,2.581,11.802,12.255
2458413.609,2458413.609,669777.188,0.001,858.753,2.841,10.435,10.907,128456.359,0.006,168.571,2.879,12.228,12.7,92509.633,0.009,116.035,2.779,12.585,13.056,190544.328,0.004,247.725,2.858,11.8,12.272
2458413.61,2458413.609,672279,0.001,839.043,2.974,10.431,10.912,129553.086,0.007,158.261,2.919,12.219,12.7,94704.133,0.009,123.501,2.865,12.559,13.04,190540,0.004,241.002,2.895,11.8,12.281
2458413.61,2458413.61,672243,0.001,810.254,2.718,10.431,10.918,130229.055,0.007,161.788,2.697,12.213,12.7,92135.609,0.009,116.373,2.727,12.589,13.076,190658.703,0.005,239.79,2.751,11.799,12.286
2458413.611,2458413.61,671572.25,0.001,784.29,2.794,10.432,10.914,129644.766,0.006,168.415,2.767,12.218,12.7,92979.047,0.009,120.677,2.755,12.579,13.061,189450.938,0.005,240.441,2.711,11.806,12.288
2458413.611,2458413.611,670469.688,0.001,824.017,3.029,10.434,10.898,127512.008,0.007,158.273,3.004,12.236,12.7,91041.211,0.009,115.955,3.036,12.602,13.066,189447.109,0.005,240.253,2.987,11.806,12.27
2458413.612,2458413.611,676334.438,0.001,882.546,2.982,10.425,10.907,129759.961,0.007,156.47,2.956,12.217,12.7,92425.938,0.01,111.304,2.967,12.586,13.068,190671.828,0.004,241.977,2.931,11.799,12.282
2458413.612,2458413.612,673847.5,0.001,859.965,3.158,10.429,10.909,129451.203,0.007,161.802,3.156,12.22,12.7,94049.25,0.009,116.499,3.083,12.567,13.047,189712.219,0.004,247.661,3.18,11.805,12.285
2458413.613,2458413.613,672151.875,0.001,821.066,2.876,10.431,10.89,126921.391,0.007,166.043,2.914,12.241,12.7,93763.625,0.01,113.492,2.818,12.57,13.029,188666.219,0.004,251.696,2.873,11.811,12.27
2458413.613,2458413.613,674750.875,0.001,825.79,2.791,10.427,10.891,127474.461,0.007,160.459,2.802,12.236,12.7,92155.063,0.01,113.439,2.744,12.589,13.052,190947.344,0.004,249.772,2.797,11.798,12.261
2458413.614,2458413.614,675522.813,0.001,834.716,2.904,10.426,10.912,130154.578,0.007,165.125,2.855,12.214,12.7,92601.531,0.01,113.286,2.855,12.583,13.07,191774.797,0.004,248.453,2.853,11.793,12.279
2458413.614,2458413.614,678102.75,0.001,744.401,2.918,10.422,10.883,127218.938,0.007,152.134,2.893,12.239,12.7,92169.883,0.009,114.81,2.856,12.589,13.05,188978.453,0.005,236.529,2.914,11.809,12.27
2458413.615,2458413.615,674770.75,0.002,710.463,2.709,10.427,10.912,129959.805,0.007,153.381,2.735,12.215,12.7,93410.859,0.009,116.416,2.781,12.574,13.059,189894.844,0.005,237.124,2.765,11.804,12.288
2458413.615,2458413.615,676374.625,0.002,718.953,2.716,10.425,10.896,128430.961,0.008,143.79,2.721,12.228,12.7,91691.625,0.009,119.935,2.637,12.594,13.066,188400.484,0.005,238.377,2.698,11.812,12.284
2458413.616,2458413.616,679808.563,0.002,720.611,2.865,10.419,10.901,129712.133,0.007,158.069,2.895,12.218,12.7,90874.695,0.01,112.104,2.852,12.604,13.086,186561.516,0.004,241.44,2.841,11.823,12.305
2458413.617,2458413.616,677554.813,0.002,708.117,2.674,10.423,10.878,126561.32,0.007,147.996,2.711,12.244,12.7,92030.133,0.01,108.323,2.647,12.59,13.046,189242.828,0.004,244.68,2.758,11.807,12.263
2458413.617,2458413.617,680391.813,0.001,728.532,3.23,10.418,10.888,128208.688,0.007,158.104,3.187,12.23,12.7,91709.531,0.009,116.966,3.126,12.594,13.064,187974.547,0.005,233.688,3.211,11.815,12.285
2458413.618,2458413.617,676525.313,0.001,724.857,2.58,10.424,10.88,126597.539,0.007,153.188,2.545,12.244,12.7,90627.133,0.009,117.749,2.56,12.607,13.063,187815.297,0.005,229.602,2.545,11.816,12.272
2458413.618,2458413.618,682314.375,0.001,727.272,2.65,10.415,10.876,127183.594,0.007,157.06,2.628,12.239,12.7,92149.75,0.01,110.896,2.677,12.589,13.05,189021.297,0.004,243.299,2.69,11.809,12.27
2458413.619,2458413.618,678895.938,0.002,704.83,2.599,10.42,10.875,126398.375,0.007,152.577,2.545,12.246,12.7,91941.906,0.009,115.941,2.554,12.591,13.046,189302.734,0.005,240.608,2.622,11.807,12.261
2458413.619,2458413.619,680257.313,0.001,779.113,3.008,10.418,10.883,127569.039,0.007,149.499,2.92,12.236,12.7,91764.586,0.01,109.931,3.016,12.593,13.058,188448.547,0.004,251.209,2.942,11.812,12.276
2458413.62,2458413.619,679394.875,0.001,734.926,2.824,10.42,10.884,127569.852,0.007,148.938,2.821,12.236,12.7,91715.656,0.009,114.722,2.759,12.594,13.058,189328.281,0.005,239.29,2.869,11.807,12.271
2458413.62,2458413.62,682317.063,0.001,835.597,2.989,10.415,10.874,126956.148,0.007,160.777,2.958,12.241,12.7,90907.891,0.01,110.375,2.965,12.603,13.063,188462.125,0.005,229.445,2.964,11.812,12.271
2458413.621,2458413.621,678887.438,0.001,845.743,2.857,10.421,10.877,126700.828,0.007,146.05,2.819,12.243,12.7,91131.75,0.01,110.116,2.846,12.601,13.058,186687.094,0.005,232.656,2.833,11.822,12.279
2458413.621,2458413.621,682034.438,0.001,835.244,2.806,10.415,10.874,126849.445,0.007,145.102,2.823,12.242,12.7,89401.922,0.01,108.577,2.824,12.622,13.08,187103.672,0.005,240.133,2.858,11.82,12.278
2458413.622,2458413.622,682149,0.001,820.885,2.812,10.415,10.872,126696.102,0.007,152.844,2.821,12.243,12.7,91110.18,0.009,115.33,2.814,12.601,13.058,188211.453,0.005,231.059,2.846,11.813,12.27
2458413.622,2458413.622,679846.688,0.001,833.004,2.853,10.419,10.865,125399.117,0.007,151.651,2.841,12.254,12.7,89771.703,0.009,113.968,2.762,12.617,13.063,187687.531,0.005,234.857,2.794,11.816,12.262
2458413.623,2458413.623,681128.688,0.001,852.923,2.935,10.417,10.866,125804.406,0.007,154.91,2.908,12.251,12.7,90350.938,0.01,110.678,2.929,12.61,13.059,187858.953,0.004,243.685,2.926,11.815,12.265
2458413.623,2458413.623,678513.063,0.001,838.01,2.729,10.421,10.887,127743.156,0.007,155.453,2.738,12.234,12.7,90439.836,0.01,111.884,2.698,12.609,13.075,187732.75,0.005,235.448,2.775,11.816,12.282
2458413.624,2458413.624,683089.5,0.001,834.622,2.77,10.414,10.882,127984.141,0.007,150.691,2.797,12.232,12.7,91214.719,0.01,113.165,2.738,12.6,13.068,187875.766,0.005,224.093,2.768,11.815,12.283
2458413.625,2458413.624,678478.063,0.001,827.524,2.746,10.421,10.867,125432.57,0.007,158.383,2.754,12.254,12.7,90046.75,0.01,110.485,2.751,12.614,13.06,186620.516,0.005,235.131,2.794,11.823,12.269
2458413.625,2458413.625,682474.938,0.001,866.435,2.928,10.415,10.868,126318.891,0.007,154.718,2.918,12.246,12.7,91146.906,0.01,112.609,2.829,12.601,13.054,188114.406,0.005,233.666,2.923,11.814,12.268
2458413.626,2458413.625,677354.438,0.001,801.298,2.631,10.423,10.885,127309.656,0.007,157.774,2.606,12.238,12.7,90432.984,0.01,109.798,2.546,12.609,13.071,189195.063,0.005,233.585,2.562,11.808,12.27
2458413.626,2458413.626,681871.375,0.001,834.068,2.725,10.416,10.866,125926.422,0.007,147.952,2.7,12.25,12.7,90356.266,0.01,112.058,2.765,12.61,13.06,187399.078,0.004,247.21,2.771,11.818,12.268
2458413.627,2458413.626,677916.688,0.001,817.786,2.817,10.422,10.893,128289.453,0.007,154.314,2.816,12.23,12.7,90114.516,0.01,104.661,2.858,12.613,13.083,187265.188,0.005,232.075,2.807,11.819,12.289
2458413.627,2458413.627,678317.063,0.001,792.457,2.864,10.421,10.889,127947.414,0.007,156.23,2.864,12.232,12.7,89926.227,0.01,111.925,2.828,12.615,13.083,185998.125,0.005,238.587,2.894,11.826,12.294
2458413.628,2458413.627,673096.625,0.001,820.689,2.672,10.43,10.892,127359.648,0.007,150.211,2.622,12.237,12.7,90578.109,0.01,109.785,2.72,12.607,13.07,188303.797,0.004,241.687,2.688,11.813,12.275
2458413.628,2458413.628,679091.875,0.001,827.49,2.766,10.42,10.878,126756.469,0.007,148.002,2.743,12.243,12.7,89686.547,0.01,113.288,2.707,12.618,13.076,185418.359,0.005,226.305,2.787,11.83,12.287
2458413.629,2458413.629,677981.313,0.001,852.7,2.825,10.422,10.886,127564.453,0.007,151.002,2.823,12.236,12.7,89428.18,0.01,107.348,2.781,12.621,13.086,186084.109,0.005,220.818,2.855,11.826,12.29
2458413.629,2458413.629,674411.75,0.001,814.736,2.793,10.428,10.873,125304.898,0.007,155.559,2.751,12.255,12.7,88493.781,0.01,108.245,2.789,12.633,13.078,187689.063,0.004,246.813,2.814,11.816,12.261
2458413.63,2458413.63,674231.688,0.001,813.218,2.895,10.428,10.882,126405.32,0.007,147.262,2.915,12.246,12.7,90010.664,0.01,110.103,2.86,12.614,13.069,184803.016,0.005,233.027,2.891,11.833,12.288
2458413.63,2458413.63,675015.313,0.001,802.342,2.889,10.427,10.884,126706.406,0.007,149.03,2.851,12.243,12.7,90223.555,0.009,114.421,2.861,12.612,13.069,185390.328,0.005,227.099,2.841,11.83,12.287
2458413.631,2458413.631,676338.625,0.001,850.058,2.894,10.425,10.863,124570.586,0.007,152.054,2.917,12.261,12.7,89753.836,0.01,113.163,2.905,12.617,13.056,184667.172,0.005,223.526,2.93,11.834,12.273
2458413.631,2458413.631,672910.75,0.001,865.057,2.876,10.43,10.872,124982.289,0.007,154.675,2.851,12.258,12.7,90122.242,0.01,109.152,2.838,12.613,13.055,185804.234,0.005,233.515,2.844,11.827,12.269
2458413.632,2458413.632,675028.563,0.001,800.472,3.289,10.427,10.873,125416.102,0.007,146.967,3.339,12.254,12.7,88041.539,0.01,107.043,3.337,12.638,13.084,187218.453,0.005,227.516,3.32,11.819,12.265
2458413.633,2458413.632,674700.75,0.001,807.453,2.826,10.427,10.889,127264.664,0.007,149.224,2.889,12.238,12.7,90137.789,0.01,110.968,2.758,12.613,13.075,186313.969,0.005,224.323,2.846,11.824,12.286
2458413.633,2458413.633,670331.75,0.001,799.838,2.739,10.434,10.879,125321.313,0.007,152.977,2.725,12.255,12.7,90741.922,0.01,110.597,2.716,12.605,13.051,184705.016,0.005,222.161,2.763,11.834,12.279
2458413.634,2458413.633,670311.125,0.001,810.383,2.903,10.434,10.879,125241.82,0.007,146.027,2.868,12.256,12.7,89251.523,0.01,106.733,2.927,12.623,13.068,185155.094,0.005,229.01,2.847,11.831,12.276
2458413.634,2458413.634,666328.75,0.001,748.786,2.631,10.441,10.891,125872.164,0.007,151.615,2.672,12.25,12.7,90193.305,0.01,111.683,2.592,12.612,13.062,186392.469,0.005,236.557,2.613,11.824,12.274
2458413.635,2458413.634,666417.313,0.001,787.567,2.822,10.441,10.873,123866.539,0.008,143.063,2.813,12.268,12.7,89961.555,0.01,109.849,2.864,12.615,13.047,187352.766,0.005,232.009,2.849,11.818,12.251
2458413.645,2458413.645,634570.125,0.001,766.57,3.283,10.494,10.914,122488.047,0.008,141.396,3.165,12.28,12.7,86875.469,0.01,110.318,3.181,12.653,13.073,181344.719,0.005,221.181,3.235,11.854,12.274
2458413.645,2458413.645,632212.25,0.001,770.373,3.371,10.498,10.922,122952.258,0.008,141.006,3.287,12.276,12.7,87048.508,0.01,104.728,3.373,12.651,13.075,180828.469,0.005,212.937,3.366,11.857,12.281
2458413.646,2458413.646,636472.188,0.001,774.101,3.279,10.491,10.916,123089.523,0.008,140.456,3.36,12.274,12.7,88754.461,0.01,111.124,3.308,12.63,13.055,184569.203,0.005,226.667,3.344,11.835,12.26
2458413.646,2458413.646,635064.5,0.001,738.342,2.897,10.493,10.917,122973.992,0.007,147.331,2.863,12.275,12.7,87659.281,0.01,105.573,2.828,12.643,13.068,182271.797,0.005,225.788,2.903,11.848,12.273
2458413.647,2458413.647,636218.25,0.001,774.276,2.972,10.491,10.924,123953.82,0.007,149.727,2.953,12.267,12.7,87080.164,0.01,105.222,2.923,12.65,13.083,181752.641,0.005,219.244,2.938,11.851,12.284
2458413.648,2458413.647,632675.25,0.001,748.483,3.012,10.497,10.946,125810.461,0.007,155.204,3.009,12.251,12.7,87794.664,0.009,115.183,2.991,12.641,13.091,184578.531,0.005,222.215,3.04,11.835,12.284
2458413.648,2458413.648,634096.625,0.001,763.163,3.289,10.495,10.922,123329.227,0.007,144.463,3.287,12.272,12.7,87931.219,0.01,107.377,3.257,12.64,13.067,183804.484,0.005,222.302,3.278,11.839,12.267
2458413.649,2458413.648,629428.438,0.001,734.293,3.187,10.503,10.938,124203,0.007,153.476,3.196,12.265,12.7,87528.898,0.01,108.969,3.177,12.645,13.08,183595.109,0.005,220.119,3.161,11.84,12.276
2458413.649,2458413.649,633587.625,0.001,775.286,2.911,10.495,10.939,125162.773,0.007,150.879,2.965,12.256,12.7,88355.469,0.01,109.247,2.912,12.634,13.078,182335.172,0.005,221.6,2.974,11.848,12.292
2458413.65,2458413.649,626782.313,0.002,719.053,2.941,10.507,10.951,125182.039,0.007,148.258,2.935,12.256,12.7,88768.297,0.01,110.951,2.936,12.629,13.073,183395.234,0.005,238.598,2.95,11.842,12.285
2458413.65,2458413.65,628766.125,0.001,750.797,3.032,10.504,10.948,125180.5,0.007,146.941,3.006,12.256,12.7,88295.594,0.011,100.208,2.915,12.635,13.079,184687.469,0.005,217.293,2.982,11.834,12.278
2458413.651,2458413.65,628911.813,0.001,747.858,3.108,10.504,10.951,125596.336,0.008,144.194,3.111,12.253,12.7,89446.977,0.012,87.187,3.025,12.621,13.069,183988.531,0.005,221.664,3.087,11.838,12.285
2458413.651,2458413.651,624449.813,0.001,774.856,3.161,10.511,10.916,120726.797,0.008,139.5,3.06,12.295,12.7,88950.563,0.01,112.519,3.14,12.627,13.032,184700.188,0.005,221.944,3.081,11.834,12.238
2458413.652,2458413.652,623870.75,0.001,754.469,3.07,10.512,10.957,125272.031,0.007,148.256,3.126,12.255,12.7,89620.133,0.01,109.297,3.123,12.619,13.064,184760.453,0.005,224.096,3.102,11.833,12.278
2458413.652,2458413.652,619387.938,0.001,746.741,3.002,10.52,10.963,125043.367,0.008,143.446,2.998,12.257,12.7,89585.797,0.01,107.75,2.889,12.619,13.062,184013.953,0.005,221.269,2.971,11.838,12.281
2458413.653,2458413.653,620871.188,0.001,755.911,3.202,10.517,10.956,124603.438,0.008,143.687,3.194,12.261,12.7,88281.102,0.01,103.807,3.243,12.635,13.074,183399.047,0.005,213.216,3.202,11.842,12.28
2458413.653,2458413.653,618294.063,0.001,738.709,3.176,10.522,10.967,125296.461,0.007,145.052,3.173,12.255,12.7,87332.969,0.01,103.718,3.145,12.647,13.092,184781.563,0.005,234.161,3.165,11.833,12.278
2458413.654,2458413.654,617785.625,0.001,728.354,2.973,10.523,10.946,122798.945,0.008,142.542,3.006,12.277,12.7,87337.18,0.01,108.149,2.958,12.647,13.07,183204.719,0.005,224.287,3.003,11.843,12.266
2458413.654,2458413.654,614690.125,0.002,680.772,2.983,10.528,10.979,125987.195,0.007,154.336,2.94,12.249,12.7,86379.328,0.01,110.701,2.922,12.659,13.11,184029.078,0.005,223.792,2.925,11.838,12.289
2458413.655,2458413.655,611952,0.001,737.912,2.902,10.533,10.974,124842.938,0.007,147.594,2.911,12.259,12.7,88677.172,0.01,105.193,2.914,12.63,13.071,186142.438,0.005,221.791,2.907,11.825,12.266
2458413.656,2458413.655,606702.875,0.002,719.57,2.804,10.543,10.978,124220.156,0.008,138.236,2.848,12.265,12.7,87682.953,0.011,101.787,2.812,12.643,13.078,183451.797,0.005,214.074,2.768,11.841,12.277
2458413.656,2458413.656,605947.75,0.002,694.996,2.743,10.544,10.98,124289.664,0.007,148.466,2.755,12.264,12.7,87917.539,0.011,102.77,2.654,12.64,13.076,185270.875,0.005,229.883,2.68,11.83,12.267
2458413.657,2458413.656,603487.25,0.002,690.992,2.891,10.548,10.977,123428.555,0.007,145.055,2.863,12.271,12.7,88027.617,0.01,108.959,2.94,12.638,13.067,183295.969,0.005,219.073,2.899,11.842,12.271
2458413.657,2458413.657,603829.063,0.002,689.501,2.94,10.548,11,126152.914,0.007,150.973,2.916,12.248,12.7,87387.664,0.011,102.598,2.924,12.646,13.099,181717.328,0.005,208.924,2.932,11.852,12.304
2458413.658,2458413.657,603538.688,0.002,682.489,2.979,10.548,10.999,125924.508,0.007,148.366,2.98,12.25,12.7,89312.188,0.01,103.852,2.987,12.623,13.073,183491.969,0.005,219.675,3.04,11.841,12.291
2458413.658,2458413.658,600623.063,0.002,666.644,2.91,10.553,10.99,124332.461,0.008,139.4,2.894,12.264,12.7,89681.305,0.01,103.212,2.867,12.618,13.055,181994.547,0.005,219.081,2.843,11.85,12.286
2458413.659,2458413.658,598135.313,0.002,675.951,2.889,10.558,11.012,126319.219,0.007,147.572,2.904,12.246,12.7,88330.039,0.01,107.89,2.864,12.635,13.088,183398.844,0.005,215.102,2.963,11.842,12.295
2458413.659,2458413.659,593778.188,0.002,678.06,2.994,10.566,11.02,126393.719,0.008,142.08,2.963,12.246,12.7,88633.953,0.011,101.933,2.998,12.631,13.085,183467.75,0.005,214.116,2.963,11.841,12.295
2458413.66,2458413.66,596163.75,0.002,679.395,2.813,10.562,10.992,123672.875,0.008,138.7,2.822,12.269,12.7,88116.797,0.011,99.331,2.721,12.637,13.068,182644.047,0.005,219.812,2.815,11.846,12.277
2458413.66,2458413.66,589236.25,0.002,668.128,2.806,10.574,11.005,123636.039,0.008,142.591,2.834,12.27,12.7,87018.422,0.011,99.781,2.784,12.651,13.081,181664.094,0.005,216.293,2.831,11.852,12.282
2458413.661,2458413.661,589336.125,0.002,663.824,2.899,10.574,11.023,125766.477,0.007,146.214,2.818,12.251,12.7,88594.133,0.01,106.247,2.784,12.631,13.08,185006.922,0.005,217.702,2.8,11.832,12.281
2458413.661,2458413.661,583111,0.002,662.118,2.891,10.586,11.017,123717.422,0.007,146.706,2.889,12.269,12.7,88201.227,0.011,102.718,2.865,12.636,13.067,180979.938,0.005,213.214,2.873,11.856,12.287
2458413.662,2458413.662,578688.938,0.002,628.574,2.799,10.594,11.02,123203.445,0.008,139.436,2.823,12.273,12.7,87051.352,0.01,105.357,2.78,12.651,13.077,182162.719,0.005,208.244,2.805,11.849,12.275
2458413.662,2458413.662,580853.188,0.002,654.822,2.894,10.59,11.014,122922.508,0.008,138.233,2.924,12.276,12.7,89274.977,0.01,103.986,2.822,12.623,13.047,183499.672,0.005,213.107,2.896,11.841,12.265
2458413.663,2458413.663,576604.313,0.002,630.503,2.929,10.598,11.034,124293.781,0.008,143.315,2.877,12.264,12.7,89048.313,0.011,102.444,2.925,12.626,13.062,180658.891,0.005,205.869,2.865,11.858,12.294
2458413.664,2458413.663,571968.313,0.002,643.181,2.773,10.607,11.038,123791.391,0.008,138.937,2.79,12.268,12.7,90249.516,0.011,102.746,2.751,12.611,13.043,181963.297,0.005,208.193,2.795,11.85,12.282
2458413.664,2458413.664,568465.625,0.002,576.018,2.839,10.613,11.041,123395.773,0.008,135.446,2.879,12.272,12.7,89742.609,0.01,107.369,2.798,12.618,13.046,181904.016,0.005,204.29,2.856,11.85,12.279
2458413.665,2458413.664,565990.813,0.002,637.693,2.828,10.618,11.043,123010.094,0.008,139.668,2.863,12.275,12.7,87830.117,0.011,101.354,2.839,12.641,13.066,183436.406,0.005,211.068,2.839,11.841,12.266
2458413.665,2458413.665,562067.125,0.002,658.612,2.766,10.626,11.027,120402.227,0.008,133.606,2.757,12.298,12.7,88174.141,0.011,99.515,2.688,12.637,13.038,182115.781,0.005,209.984,2.728,11.849,12.251
2458413.666,2458413.665,557643.25,0.002,665.175,2.98,10.634,11.068,123987.883,0.008,143.573,2.971,12.267,12.7,89363.734,0.011,96.932,2.942,12.622,13.056,180467.625,0.005,205.476,3.002,11.859,12.292
2458413.666,2458413.666,553605.75,0.002,618.425,2.757,10.642,11.065,122835.461,0.008,135.174,2.725,12.277,12.7,88158.852,0.011,98.405,2.693,12.637,13.06,184031.516,0.005,208.27,2.725,11.838,12.261
2458413.667,2458413.666,552004.313,0.002,620.428,2.776,10.645,11.073,123332.047,0.008,135.05,2.759,12.272,12.7,88249.117,0.012,90.743,2.762,12.636,13.063,180020.469,0.005,201.117,2.829,11.862,12.289
2458413.667,2458413.667,548592.313,0.002,578.009,2.813,10.652,11.078,123131.195,0.008,138.149,2.794,12.274,12.7,87346.531,0.011,94.872,2.766,12.647,13.073,183432.25,0.005,209.401,2.779,11.841,12.267
2458413.668,2458413.668,541031.313,0.002,613.901,2.855,10.667,11.094,123250.477,0.008,135.093,2.839,12.273,12.7,86910.828,0.013,86.261,2.809,12.652,13.079,181499.656,0.005,207.619,2.845,11.853,12.28
2458413.668,2458413.668,534082.5,0.002,574.922,2.73,10.681,11.09,121267.094,0.009,126.434,2.739,12.291,12.7,86828.047,0.013,81.206,2.752,12.653,13.063,181595.016,0.005,199.521,2.783,11.852,12.262
2458413.669,2458413.669,532350.938,0.002,571.099,2.821,10.685,11.115,123672.883,0.008,134.071,2.794,12.269,12.7,88906.008,0.012,91.09,2.734,12.628,13.058,180448.281,0.005,199.247,2.767,11.859,12.29
2458413.669,2458413.669,528667.875,0.002,535.444,2.726,10.692,11.116,122951.453,0.008,132.085,2.721,12.276,12.7,87083.547,0.013,84.365,2.7,12.65,13.074,179194.984,0.006,192.9,2.756,11.867,12.291
2458413.67,2458413.67,524948.375,0.002,548.078,2.631,10.7,11.114,121810.641,0.008,133.882,2.627,12.286,12.7,89768.57,0.012,91.702,2.644,12.617,13.031,181834.359,0.006,193.368,2.668,11.851,12.265
2458413.67,2458413.67,518497.469,0.002,516.808,2.582,10.713,11.123,121274.93,0.009,125.452,2.664,12.291,12.7,89153,0.012,86.562,2.604,12.625,13.034,178172.594,0.006,187.684,2.628,11.873,12.282
2458413.671,2458413.671,513169,0.002,516.735,2.782,10.724,11.128,120627,0.008,133.894,2.777,12.296,12.7,86355.602,0.013,81.409,2.792,12.659,13.063,178435.188,0.005,199.851,2.777,11.871,12.275
2458413.672,2458413.671,508557.563,0.002,544.676,2.842,10.734,11.163,123445.563,0.008,133.247,2.881,12.271,12.7,84894.148,0.014,79.701,2.814,12.678,13.106,179469.625,0.005,198.099,2.893,11.865,12.294
2458413.672,2458413.672,505253.906,0.002,538.458,2.882,10.741,11.148,120974.141,0.008,131.337,2.878,12.293,12.7,86030.625,0.013,80.398,2.852,12.663,13.07,179352.875,0.006,193.38,2.874,11.866,12.272
2458413.673,2458413.672,502856.438,0.002,518.254,2.991,10.746,11.168,122606.219,0.008,131.932,2.974,12.279,12.7,85692.898,0.012,92.322,2.981,12.668,13.089,183120.297,0.005,201.171,3.006,11.843,12.264
2458413.673,2458413.673,496527.531,0.002,500.469,2.842,10.76,11.196,124213.516,0.009,123.507,2.823,12.265,12.7,87901.219,0.012,86.525,2.821,12.64,13.075,181043.453,0.006,192.213,2.808,11.856,12.291
2458413.674,2458413.673,489063,0.002,486.788,2.708,10.777,11.185,121199.086,0.009,125.386,2.738,12.291,12.7,87770.891,0.012,89.083,2.731,12.642,13.05,180926.656,0.006,177.354,2.769,11.856,12.265
2458413.674,2458413.674,485876.594,0.002,521.048,2.985,10.784,11.206,122711.281,0.008,128.42,2.976,12.278,12.7,85461.352,0.013,84.544,2.926,12.671,13.093,179483.563,0.006,186.387,2.931,11.865,12.287
2458413.675,2458413.674,480773.375,0.002,490.05,2.965,10.795,11.236,124789.727,0.008,127.644,3.028,12.26,12.7,85764.258,0.012,87.155,3.014,12.667,13.107,178532.406,0.006,186.255,3.006,11.871,12.311
2458413.675,2458413.675,474191.938,0.002,469.897,2.668,10.81,11.224,121815.172,0.009,122.429,2.648,12.286,12.7,87157.828,0.012,92.904,2.56,12.649,13.063,182506.563,0.006,181.327,2.615,11.847,12.261
2458413.676,2458413.676,470095.781,0.002,476.869,2.852,10.82,11.223,120618.18,0.009,121.054,2.904,12.296,12.7,85759.914,0.012,87.394,2.797,12.667,13.07,181164.141,0.006,188.957,2.82,11.855,12.258
2458413.676,2458413.676,463466.531,0.002,445.125,2.72,10.835,11.245,121325.945,0.008,128.13,2.772,12.29,12.7,87457.367,0.012,90.484,2.808,12.646,13.055,177737.203,0.006,182.938,2.806,11.876,12.285
2458413.677,2458413.677,458159.844,0.003,431.334,2.853,10.847,11.266,122318.867,0.008,128.65,2.811,12.281,12.7,86812.281,0.012,87.672,2.767,12.654,13.072,181048.391,0.006,177.892,2.775,11.856,12.274
2458413.677,2458413.677,451824.219,0.002,456.677,2.813,10.863,11.275,121631.578,0.009,120.569,2.801,12.287,12.7,86829.242,0.012,87.837,2.801,12.653,13.066,180063.016,0.006,184.197,2.813,11.861,12.274
2458413.678,2458413.678,451008.813,0.002,458.072,2.954,10.865,11.284,122443.695,0.01,107.649,2.966,12.28,12.7,86830.305,0.012,90.465,2.87,12.653,13.073,176790.172,0.006,178.697,2.896,11.881,12.301
2458413.678,2458413.678,440029.375,0.002,461.835,2.951,10.891,11.294,120474.453,0.011,102.741,2.96,12.298,12.7,85917.422,0.012,87.147,2.948,12.665,13.067,180773.109,0.006,188.382,2.974,11.857,12.259
2458413.679,2458413.679,440021.469,0.002,449.31,3.319,10.891,11.313,122627.125,0.011,99.422,3.354,12.279,12.7,85414.648,0.012,89.274,3.278,12.671,13.093,179031.344,0.006,178.396,3.29,11.868,12.289
2458413.68,2458413.679,433027.75,0.002,434.026,5.255,10.909,11.304,119660.453,0.01,103.327,5.205,12.305,12.7,87499.469,0.012,89.654,5.233,12.645,13.04,179841.641,0.006,177.426,5.194,11.863,12.258
2458413.68,2458413.68,428187.094,0.003,427.583,3.29,10.921,11.322,120369.313,0.01,104.214,3.292,12.299,12.7,86899.719,0.013,86.007,3.254,12.652,13.054,180956.703,0.006,182.725,3.265,11.856,12.257
2458413.681,2458413.68,420910.25,0.003,411.462,3.1,10.94,11.361,122621.742,0.01,105.636,3.036,12.279,12.7,83297.516,0.013,83.845,3.071,12.698,13.12,179118.469,0.006,182.347,3.078,11.867,12.289
2458413.681,2458413.681,416453.094,0.003,418.235,2.921,10.951,11.36,121249.305,0.01,103.407,2.852,12.291,12.7,83919.781,0.013,81.348,2.901,12.69,13.1,179425.516,0.006,186.561,2.848,11.865,12.274
2458413.682,2458413.681,410062.25,0.003,405.809,3.052,10.968,11.376,121130.719,0.01,103.849,3.02,12.292,12.7,86940.578,0.013,85.297,3.082,12.652,13.06,176437.859,0.006,174.985,3.06,11.884,12.292
2458413.682,2458413.682,404725.813,0.003,397.387,2.987,10.982,11.396,121787.438,0.01,104.562,2.928,12.286,12.7,86432.586,0.013,86.142,2.924,12.658,13.072,178610.016,0.006,174.199,2.921,11.87,12.284
2458413.683,2458413.682,399343.563,0.003,373.54,2.912,10.997,11.389,119369.391,0.01,103.732,2.912,12.308,12.7,85793.789,0.012,87.958,2.909,12.666,13.059,178808.328,0.006,174.665,2.882,11.869,12.261
2458413.683,2458413.683,391521.969,0.003,378.643,2.834,11.018,11.406,118895.32,0.011,99.946,2.913,12.312,12.7,86109.352,0.014,76.236,2.806,12.662,13.05,175897.234,0.006,173.779,2.894,11.887,12.275
2458413.684,2458413.684,387225.25,0.003,370.323,3.172,11.03,11.422,119323.391,0.011,98.063,3.161,12.308,12.7,87738.094,0.014,75.041,3.175,12.642,13.034,177649.859,0.006,171.051,3.148,11.876,12.268
2458413.684,2458413.684,385139.125,0.003,349.497,2.935,11.036,11.438,120467.852,0.011,101.544,2.984,12.298,12.7,86967.125,0.015,73.736,2.865,12.652,13.054,179777.516,0.006,169.917,2.954,11.863,12.265
2458413.685,2458413.685,376282.969,0.003,354.149,2.729,11.061,11.462,120279.586,0.011,99.503,2.73,12.3,12.7,84229.25,0.015,70.549,2.714,12.686,13.087,178171.547,0.007,166.363,2.739,11.873,12.273
2458413.685,2458413.685,369899.156,0.003,333.855,3.015,11.08,11.468,118916.93,0.011,97.379,3.061,12.312,12.7,86129.5,0.015,69.933,3.017,12.662,13.05,176544.203,0.007,161.688,3.063,11.883,12.271
2458413.686,2458413.686,361256.219,0.003,325.189,2.84,11.105,11.499,119539.758,0.012,93.812,2.887,12.306,12.7,84296.484,0.015,69.961,2.807,12.685,13.079,178944.688,0.006,170.918,2.864,11.868,12.262
2458413.686,2458413.686,355264.625,0.004,301.834,2.8,11.124,11.496,117178.242,0.012,91.192,2.801,12.328,12.7,82056.539,0.016,67.181,2.733,12.715,13.087,171076.656,0.007,151.532,2.756,11.917,12.289
2458413.687,2458413.687,341150.875,0.004,276.165,2.899,11.168,11.532,116392.734,0.011,94.098,2.862,12.335,12.7,81260.93,0.017,64.697,2.848,12.725,13.09,171082,0.007,147.816,2.838,11.917,12.282
2458413.688,2458413.687,332456.031,0.004,271.483,2.975,11.196,11.526,112776.234,0.011,94.604,2.989,12.369,12.7,79827.023,0.018,60.784,3.021,12.745,13.075,167187.656,0.008,135.477,3.021,11.942,12.273
2458413.688,2458413.688,322063.344,0.004,243.765,3.006,11.23,11.549,111550.75,0.013,85.161,3.006,12.381,12.7,78269.258,0.019,56.993,2.998,12.766,13.085,163628.484,0.009,127.087,2.999,11.965,12.284
2458413.689,2458413.688,317950.969,0.008,138.161,3.114,11.244,11.571,112411.414,0.017,62.029,3.153,12.373,12.7,78649.281,0.031,34.344,3.08,12.761,13.088,162351.859,0.012,93.104,3.126,11.974,12.301
2458413.689,2458413.689,307154.469,0.012,91.544,2.997,11.282,11.569,108403.32,0.029,36.562,2.99,12.412,12.7,73790.063,0.059,17.844,2.864,12.83,13.118,160414.75,0.02,52.621,2.984,11.987,12.274
2458413.69,2458413.689,292077.563,0.018,58.605,3.166,11.336,11.591,105161.969,0.041,25.872,3.117,12.445,12.7,73319.883,0.104,9.905,2.627,12.837,13.092,152451.531,0.03,35.42,3.103,12.042,12.297
2458413.69,2458413.69,282186.094,0.029,36.309,3.136,11.374,11.644,106699.563,0.065,16.081,2.912,12.43,12.7,61173.301,0.203,4.857,2.301,13.034,13.304,147200.422,0.051,20.98,3.117,12.08,12.351
2458413.691,2458413.69,267343.063,0.041,26.082,3.179,11.432,11.688,105276.523,0.095,10.89,2.62,12.444,12.7,71554.016,0.241,4.028,1.155,12.863,13.119,146886.5,0.074,14.217,2.794,12.083,12.338
2458413.713,2458413.713,372505.75,0.003,361.265,3.629,11.072,11.385,110949.609,0.009,114.537,3.668,12.387,12.7,77838.172,0.013,82.869,3.557,12.772,13.085,163936.094,0.006,174.123,3.595,11.963,12.276
2458413.713,2458413.713,376592.781,0.003,362.187,3.243,11.06,11.382,111829.563,0.009,116.08,3.349,12.379,12.7,79547.805,0.013,85.428,3.274,12.748,13.07,165793.266,0.006,173.095,3.272,11.951,12.272
2458413.714,2458413.714,385263.406,0.003,353.986,3.383,11.036,11.368,112984.984,0.009,117.1,3.401,12.367,12.7,81211.055,0.012,88.362,3.419,12.726,13.059,164746.656,0.006,175.949,3.343,11.958,12.291
2458413.714,2458413.714,390515.406,0.003,367.718,3.075,11.021,11.354,113060.563,0.009,125.264,3.126,12.367,12.7,78504.18,0.013,80.958,3.063,12.763,13.096,162266.969,0.006,173.688,3.065,11.974,12.308
2458413.715,2458413.715,391451.813,0.003,351.504,3.114,11.018,11.333,111112.578,0.01,112.599,3.155,12.386,12.7,79752.641,0.013,82.052,3.095,12.746,13.06,165372.203,0.006,181.464,3.144,11.954,12.268
2458413.716,2458413.715,394968.781,0.003,364.116,3.057,11.009,11.346,113499.695,0.009,114.022,3.075,12.363,12.7,80497.406,0.012,86.649,3.019,12.736,13.073,164224.422,0.006,173.062,3.066,11.961,12.299
2458413.716,2458413.716,401078.969,0.003,359.35,2.932,10.992,11.314,111875.281,0.01,109.58,2.94,12.378,12.7,78952.633,0.013,85.414,2.932,12.757,13.078,163443.281,0.007,166.006,2.936,11.967,12.288
2458413.717,2458413.716,401027.688,0.003,398.236,2.84,10.992,11.305,110969.016,0.01,112.567,2.814,12.387,12.7,79646.703,0.013,85.644,2.768,12.747,13.06,162529.344,0.006,169.402,2.776,11.973,12.286
2458413.717,2458413.717,406376.625,0.003,432.188,2.803,10.978,11.307,112612.508,0.009,115.642,2.815,12.371,12.7,78577.836,0.014,79.618,2.757,12.762,13.091,163570.641,0.006,170.134,2.763,11.966,12.295
2458413.718,2458413.717,409876.75,0.003,427.682,2.772,10.968,11.301,113013.031,0.009,115.402,2.711,12.367,12.7,75964.727,0.014,78.135,2.691,12.798,13.131,162381.016,0.007,164.371,2.71,11.974,12.306
2458413.718,2458413.718,418635.063,0.003,420.38,2.874,10.945,11.279,113042.391,0.01,112.195,2.825,12.367,12.7,79519.93,0.013,84.416,2.802,12.749,13.082,162598.141,0.006,168.183,2.827,11.972,12.305
2458413.719,2458413.718,422566.75,0.002,444.21,2.89,10.935,11.218,107909.133,0.01,112.621,2.845,12.417,12.7,79542.836,0.013,84.921,2.804,12.748,13.031,163558.188,0.006,173.209,2.821,11.966,12.248
2458413.719,2458413.719,428921.125,0.002,454.745,2.911,10.919,11.223,110079.258,0.009,114.484,2.921,12.396,12.7,81241.242,0.013,84.481,2.932,12.726,13.03,164077.609,0.006,171.92,2.989,11.962,12.267
2458413.72,2458413.72,428510.375,0.002,440.411,3.249,10.92,11.238,111446.711,0.01,109.786,3.271,12.382,12.7,79912.164,0.013,84.286,3.257,12.743,13.061,163711.438,0.006,172.875,3.329,11.965,12.282
2458413.72,2458413.72,430561.906,0.002,457.179,2.875,10.915,11.226,110740.703,0.01,108.765,2.85,12.389,12.7,80358.031,0.013,85.165,2.86,12.737,13.048,163626.594,0.006,167.497,2.927,11.965,12.276
2458413.721,2458413.721,436025.281,0.002,457.003,3.065,10.901,11.227,112329.539,0.009,117.761,3.108,12.374,12.7,79355.727,0.013,80.581,3.028,12.751,13.077,163534.75,0.006,168.531,3.083,11.966,12.292
2458413.721,2458413.721,438844.281,0.002,447.418,3.062,10.894,11.206,110847.508,0.01,112.843,2.984,12.388,12.7,79759.648,0.013,84.415,2.946,12.746,13.057,163571.625,0.006,175.504,3.013,11.966,12.278
2458413.722,2458413.722,444164.469,0.002,472.342,2.879,10.881,11.18,109566.375,0.01,110.488,2.9,12.401,12.7,78719.969,0.013,82.58,2.806,12.76,13.059,160768.266,0.007,164.756,2.822,11.984,12.284
2458413.722,2458413.722,447624.219,0.002,463.567,2.876,10.873,11.162,108552.727,0.01,110.672,2.874,12.411,12.7,77334.148,0.014,78.022,2.874,12.779,13.068,158571.969,0.007,159.625,2.897,11.999,12.289
2458413.723,2458413.723,449169.406,0.002,456.965,2.753,10.869,11.142,106935.188,0.01,111.259,2.739,12.427,12.7,76953.734,0.013,82.489,2.724,12.784,13.057,160186.875,0.007,157.69,2.819,11.988,12.261
2458413.724,2458413.723,448770.563,0.002,463.602,3.1,10.87,11.168,109482.883,0.01,109.83,3.108,12.402,12.7,78011.773,0.014,78.307,3.073,12.77,13.068,158843.406,0.006,170.607,3.076,11.998,12.296
2458413.724,2458413.724,452532.063,0.002,463.322,2.766,10.861,11.163,109877.266,0.01,110.134,2.738,12.398,12.7,76760.148,0.014,79.188,2.664,12.787,13.089,161196.188,0.007,162.255,2.724,11.982,12.284
2458413.725,2458413.724,458065.344,0.002,469.635,2.887,10.848,11.122,107093.586,0.01,112.153,2.81,12.426,12.7,77243.703,0.013,81.183,2.848,12.78,13.055,160563.719,0.006,167.378,2.859,11.986,12.26
2458413.725,2458413.725,466088.344,0.002,449.723,2.85,10.829,11.128,109577,0.01,109.595,2.916,12.401,12.7,78162.336,0.013,80.869,2.809,12.768,13.067,158955.156,0.006,166.741,2.848,11.997,12.296
2458413.726,2458413.725,465743.719,0.002,443.838,2.721,10.83,11.109,107593.016,0.01,103.566,2.784,12.421,12.7,77485.633,0.014,78.366,2.721,12.777,13.056,159296.375,0.007,160.399,2.752,11.994,12.274
2458413.726,2458413.726,469684.438,0.002,474.904,3.013,10.82,11.106,108145.297,0.01,108.274,2.97,12.415,12.7,77093.484,0.013,79.935,2.884,12.782,13.067,161066.375,0.007,160.205,2.95,11.982,12.268
2458413.727,2458413.726,475732.969,0.002,487.07,2.824,10.807,11.1,108987.711,0.01,109.392,2.753,12.407,12.7,75594.742,0.015,73.691,2.825,12.804,13.097,159778.688,0.007,158.201,2.789,11.991,12.285
2458413.727,2458413.727,474201.438,0.002,488.474,2.768,10.81,11.097,108368.359,0.01,108.124,2.756,12.413,12.7,76102.609,0.015,72.152,2.681,12.797,13.084,159772.984,0.007,162.383,2.748,11.991,12.278
2458413.728,2458413.728,474872.406,0.002,475.592,2.73,10.809,11.094,108143.945,0.01,107.506,2.777,12.415,12.7,76765.125,0.015,72.108,2.764,12.787,13.072,158731.031,0.007,162.506,2.777,11.998,12.283
2458413.728,2458413.728,479143.375,0.002,467.82,2.742,10.799,11.065,106249.547,0.011,102.263,2.73,12.434,12.7,76619.125,0.015,72.224,2.761,12.789,13.055,162167.313,0.007,154.266,2.8,11.975,12.241
2458413.729,2458413.729,482841.656,0.002,503.153,3.103,10.79,11.061,106700.5,0.01,106.912,3.185,12.43,12.7,76653.508,0.015,73.391,3.1,12.789,13.059,159112.188,0.006,167.033,3.163,11.996,12.266
2458413.729,2458413.729,485608.063,0.002,511.795,2.997,10.784,11.066,107833.648,0.01,110.175,2.991,12.418,12.7,76183.43,0.014,75.881,2.937,12.795,13.077,156892.344,0.007,159.663,2.994,12.011,12.293
2458413.73,2458413.73,488360.313,0.002,481.577,2.867,10.778,11.064,108246.805,0.01,109.942,2.768,12.414,12.7,77040.563,0.014,77.669,2.769,12.783,13.069,158944.422,0.007,157.996,2.792,11.997,12.283
2458413.73,2458413.73,492675.781,0.002,496.368,2.977,10.769,11.027,105557.773,0.011,101.71,2.942,12.441,12.7,75135.875,0.014,79.23,3.008,12.81,13.069,158494.844,0.007,158.685,3.039,12,12.259
2458413.731,2458413.731,491664,0.002,490.968,2.857,10.771,11.05,107603.125,0.01,108.724,2.845,12.42,12.7,75457.359,0.014,75.261,2.839,12.806,13.085,158177.578,0.007,153.221,2.78,12.002,12.282
2458413.732,2458413.731,495621.594,0.002,477.475,3.006,10.762,11.031,106576.391,0.01,109.335,3.002,12.431,12.7,76331.211,0.014,75.916,2.99,12.793,13.062,158592.375,0.007,151.564,2.954,11.999,12.268
2458413.732,2458413.732,499206.375,0.002,476.089,3.314,10.754,11.007,105018.414,0.01,105.713,3.252,12.447,12.7,76170.43,0.014,75.991,3.229,12.796,13.049,156954.641,0.007,162.027,3.338,12.011,12.264
2458413.733,2458413.732,490540.625,0.002,478.489,2.842,10.773,11.028,105134.875,0.01,107.237,2.883,12.446,12.7,73466.297,0.015,71.876,2.866,12.835,13.089,157296.281,0.007,153.306,2.889,12.008,12.263
2458413.733,2458413.733,504092.031,0.002,480.514,3.005,10.744,11.02,107234.578,0.01,108.754,3.073,12.424,12.7,75245.422,0.014,78.774,2.963,12.809,13.085,158342.047,0.007,152.591,3.066,12.001,12.277
2458413.734,2458413.733,500824.531,0.002,492.39,2.935,10.751,11.01,105579.125,0.01,105.863,2.912,12.441,12.7,74905.656,0.014,75.023,2.953,12.814,13.073,156031.438,0.007,156.447,2.927,12.017,12.276
2458413.734,2458413.734,502758.031,0.002,485.097,3.008,10.747,11.009,105908.43,0.01,104.604,2.985,12.438,12.7,73451.07,0.015,72.701,2.922,12.835,13.097,155282.938,0.007,149.035,2.943,12.022,12.285
2458413.735,2458413.734,506832.625,0.002,512.58,3.025,10.738,11.012,107072.891,0.01,103.673,3.038,12.426,12.7,75101.656,0.014,76.219,2.965,12.811,13.085,156383.656,0.007,155.445,3.015,12.015,12.289
2458413.735,2458413.735,506281.656,0.002,494.575,2.999,10.739,10.988,104618.508,0.011,99.277,2.961,12.451,12.7,73541.75,0.015,73.099,2.937,12.834,13.083,155469.375,0.007,151.006,2.917,12.021,12.27
2458413.736,2458413.736,506576.844,0.002,489.683,2.977,10.738,10.988,104674.469,0.011,102.731,3.025,12.45,12.7,76155.742,0.015,72.746,2.896,12.796,13.045,152836.813,0.008,141.948,3.034,12.039,12.289
2458413.736,2458413.736,508937.844,0.002,492.685,3.113,10.733,10.985,104876.297,0.011,102.523,2.987,12.448,12.7,73332.406,0.015,70.397,3.007,12.837,13.088,153788.766,0.008,143.69,3.079,12.033,12.284
2458413.737,2458413.737,507050.5,0.002,536.138,3.333,10.737,10.984,104394.828,0.011,99.036,3.268,12.453,12.7,74806.883,0.015,69.647,3.316,12.815,13.062,155852.594,0.007,153.172,3.282,12.018,12.265
2458413.737,2458413.737,504745.344,0.002,479.544,3.338,10.742,10.995,105006.883,0.011,102.298,3.289,12.447,12.7,76904.133,0.016,68.731,3.286,12.785,13.038,155520.375,0.007,154.496,3.318,12.021,12.274
2458413.738,2458413.738,507309.938,0.002,499.345,3.303,10.737,10.967,102773.078,0.011,97.009,3.356,12.47,12.7,75941.789,0.015,70.442,3.333,12.799,13.028,151017.484,0.007,144.476,3.377,12.052,12.282
2458413.738,2458413.738,510723.656,0.002,509.093,3.132,10.73,10.981,104810.352,0.011,99.937,3.14,12.449,12.7,74784.695,0.016,66.398,3.204,12.815,13.066,154194.594,0.007,151.812,3.181,12.03,12.281
2458413.739,2458413.739,512251.063,0.002,483.392,3.384,10.726,10.948,101995.422,0.011,100.15,3.418,12.479,12.7,73721.063,0.015,73.816,3.41,12.831,13.052,154799.656,0.007,155.29,3.419,12.026,12.247
2458413.74,2458413.739,508987.938,0.002,480.957,3.16,10.733,10.984,104746.469,0.011,101.626,3.166,12.45,12.7,74301.109,0.015,72.696,3.101,12.823,13.073,153007.656,0.007,148.665,3.122,12.038,12.289
2458413.74,2458413.74,510064.969,0.002,478.542,3.346,10.731,10.972,103839.43,0.011,101.687,3.275,12.459,12.7,74645.563,0.015,71.944,3.281,12.817,13.058,152219.094,0.007,152.153,3.228,12.044,12.285
2458413.741,2458413.74,513825.75,0.002,498.71,3.096,10.723,10.932,100795.063,0.011,95.473,3.126,12.491,12.7,75326.719,0.015,72,3.03,12.808,13.016,150162.938,0.008,142.512,3.111,12.059,12.267
2458413.741,2458413.741,505458.875,0.002,475.103,3.001,10.741,10.992,104835.219,0.01,107.267,2.928,12.449,12.7,74039.953,0.015,71.003,2.946,12.826,13.078,148139.047,0.007,145.505,2.896,12.073,12.325
2458413.742,2458413.741,506406.938,0.002,471.313,3.126,10.739,10.93,99201.008,0.012,92.471,3.117,12.509,12.7,73184.156,0.015,69.863,3.096,12.839,13.03,150665.188,0.007,148.269,3.122,12.055,12.246
2458413.742,2458413.742,509092.969,0.002,488.368,3.165,10.733,10.945,101089.258,0.011,96.169,3.227,12.488,12.7,73877.711,0.015,71.325,3.1,12.829,13.04,146961.391,0.008,140.9,3.179,12.082,12.294
2458413.743,2458413.742,506634.375,0.002,492.987,3.383,10.738,10.966,102552.484,0.011,97.114,3.358,12.473,12.7,71282.633,0.016,65.46,3.315,12.868,13.095,149369.5,0.008,136.335,3.467,12.064,12.292
2458413.743,2458413.743,513967.906,0.002,472.912,3.824,10.723,10.912,99060.258,0.011,95.968,3.683,12.51,12.7,71630.227,0.017,64.381,3.652,12.862,13.052,147947.094,0.008,140.067,3.785,12.075,12.264
2458413.744,2458413.744,504939.75,0.002,473.736,3.695,10.742,10.929,98852.82,0.021,50.172,3.695,12.513,12.7,69933.938,0.016,69.226,3.694,12.888,13.076,145091.906,0.008,140.956,3.737,12.096,12.283
2458413.744,2458413.744,469187.125,0.003,416.76,3.355,10.822,10.927,91649.633,0.013,85.13,3.395,12.595,12.7,65410.699,0.018,60.899,3.282,12.961,13.066,138779.828,0.009,124.197,3.352,12.144,12.25
2458413.745,2458413.745,501124.469,0.002,448.597,2.975,10.75,10.929,98047.211,0.012,91.728,2.886,12.521,12.7,70423.07,0.016,68.713,2.87,12.881,13.059,144426.469,0.009,126.206,2.902,12.101,12.279
2458413.745,2458413.745,521092.844,0.002,492.135,3.221,10.708,10.885,97922.078,0.012,91.286,3.206,12.523,12.7,70266.781,0.016,67.618,3.225,12.883,13.06,148419.297,0.008,140.547,3.212,12.071,12.248
2458413.746,2458413.746,498943.594,0.002,462.942,3.179,10.755,10.936,98316.555,0.012,92.168,3.193,12.518,12.7,66381.594,0.016,66.028,3.22,12.945,13.126,142216.5,0.008,138.164,3.142,12.118,12.299
2458413.746,2458413.746,505024.938,0.002,450.992,2.993,10.742,10.889,95249.063,0.013,84.71,2.966,12.553,12.7,70272.211,0.015,72.198,2.988,12.883,13.03,145528.344,0.008,137.073,2.979,12.093,12.24
2458413.747,2458413.747,515988.219,0.002,451.15,3.298,10.718,10.921,100267.453,0.012,91.385,3.23,12.497,12.7,68438.227,0.014,78.462,3.267,12.912,13.115,146447.516,0.008,136.216,3.29,12.086,12.289
2458413.748,2458413.747,512590.938,0.002,461.72,3.086,10.726,10.896,97275.227,0.013,86.128,3.096,12.53,12.7,63927.738,0.015,73.35,3.029,12.986,13.156,147332.047,0.008,134.367,3.028,12.079,12.249
2458413.748,2458413.748,512364.75,0.002,455.981,3.072,10.726,10.904,98003.953,0.012,86.412,3.034,12.522,12.7,0,0,0,0,0,0,151420.453,0.008,135.58,3.106,12.05,12.228
2458413.749,2458413.748,505132.531,0.002,452.606,3.28,10.741,10.898,96059.359,0.012,87.699,3.289,12.544,12.7,0,0,0,0,0,0,147070.891,0.008,131.121,3.242,12.081,12.238
2458413.749,2458413.749,514522.719,0.002,476.873,3.239,10.721,10.886,96791.898,0.013,86.024,3.182,12.535,12.7,0,0,0,0,0,0,139961.094,0.008,130.298,3.215,12.135,12.3
2458413.75,2458413.749,515574.188,0.002,480.3,3.391,10.719,10.877,96182.883,0.012,91.977,3.406,12.542,12.7,0,0,0,0,0,0,143865.219,0.008,141.921,3.379,12.105,12.263
2458413.75,2458413.75,513247.875,0.002,465.888,3.299,10.724,10.899,97735.742,0.011,101.246,3.235,12.525,12.7,0,0,0,0,0,0,141932.031,0.007,147.14,3.225,12.12,12.295
2458413.751,2458413.75,511840.688,0.002,443.963,3.417,10.727,10.889,96515.469,0.011,99.26,3.469,12.539,12.7,0,0,0,0,0,0,138359.469,0.008,140.62,3.404,12.147,12.309
2458413.751,2458413.751,512931.031,0.002,464.433,3.645,10.725,10.817,90579.547,0.011,97.952,3.647,12.607,12.7,0,0,0,0,0,0,125709.141,0.008,142.684,3.663,12.252,12.344
2458413.752,2458413.752,517617.219,0.002,461.097,3.819,10.715,10.653,78548.82,0.012,88.472,3.838,12.762,12.7,0,0,0,0,0,0,101907.063,0.009,121.108,3.784,12.479,12.417
2458413.752,2458413.752,516903.531,0.002,471.852,4.108,10.716,10.341,58871.957,0.015,71.396,4.074,13.075,12.7,0,0,0,0,0,0,63750.797,0.013,81.009,3.927,12.989,12.614
2458413.769,2458413.769,382714.125,0.004,307.103,3.443,11.043,10.847,69430.133,0.019,55.806,3.466,12.896,12.7,54218.309,0.024,43.85,3.467,13.165,12.969,99906.023,0.014,78.13,3.464,12.501,12.305
2458413.769,2458413.769,430563.156,0.003,341.191,3.449,10.915,10.798,74684.773,0.017,63.781,3.367,12.817,12.7,56251.332,0.024,44.442,3.335,13.125,13.008,116263.219,0.011,96.429,3.421,12.336,12.219
2458413.77,2458413.77,457372.344,0.003,382.493,3.612,10.849,10.822,81072.844,0.015,72.64,3.645,12.728,12.7,58903.191,0.021,51.136,3.726,13.075,13.047,123057.133,0.01,106.308,3.644,12.275,12.247
2458413.77,2458413.77,453328.563,0.003,366.683,3.789,10.859,10.844,82065.125,0.016,69.437,3.828,12.715,12.7,60319.68,0.021,50.877,3.734,13.049,13.034,122381.758,0.01,109.201,3.82,12.281,12.266
2458413.771,2458413.771,431897.375,0.003,347.223,3.673,10.912,10.881,80882.141,0.017,65.019,3.65,12.73,12.7,54892.59,0.024,45.348,3.64,13.151,13.121,113082.172,0.011,95.455,3.62,12.367,12.336
2458413.771,2458413.771,466721.5,0.003,366.368,3.914,10.827,10.858,85546.414,0.015,71.66,3.928,12.669,12.7,58466.637,0.023,47.555,3.767,13.083,13.113,126072.609,0.01,106.447,3.829,12.248,12.279
2458413.772,2458413.772,453767.469,0.003,387.929,3.408,10.858,10.889,85623.07,0.015,73.784,3.346,12.669,12.7,61568.297,0.021,51.476,3.369,13.027,13.058,124571.852,0.01,113.352,3.518,12.261,12.293
2458413.772,2458413.772,457244.719,0.003,389.745,3.512,10.85,10.865,84385.344,0.015,72.44,3.467,12.684,12.7,60329.453,0.022,48.385,3.447,13.049,13.064,123892.844,0.01,107.61,3.461,12.267,12.283
2458413.773,2458413.773,455183.313,0.003,401.089,3.53,10.855,10.851,82908.992,0.016,67.344,3.556,12.703,12.7,58321.418,0.023,46.634,3.401,13.085,13.082,123144.445,0.01,105.317,3.573,12.274,12.27
2458413.774,2458413.773,464189.875,0.003,382.552,3.437,10.833,10.808,81273.906,0.016,65.647,3.432,12.725,12.7,57572.285,0.021,50.867,3.545,13.099,13.074,120848.578,0.011,101.861,3.47,12.294,12.269
2458413.774,2458413.774,459360.188,0.003,401.675,3.652,10.845,10.785,78739.68,0.016,66.734,3.608,12.76,12.7,57054.895,0.023,46.028,3.577,13.109,13.05,119945.125,0.011,100.184,3.632,12.303,12.243
2458413.775,2458413.774,443480.813,0.003,390.092,3.622,10.883,10.869,82131.305,0.016,65.619,3.643,12.714,12.7,57674.422,0.022,49.654,3.742,13.098,13.084,120973.5,0.011,101.613,3.629,12.293,12.28
2458413.775,2458413.775,445485.625,0.003,375.789,3.908,10.878,10.863,82071.438,0.016,67.055,3.802,12.715,12.7,56582.301,0.024,45.367,3.945,13.118,13.104,118240.703,0.011,97.649,3.822,12.318,12.304
2458413.776,2458413.775,452209.719,0.003,363.023,4.189,10.862,10.815,79646.938,0.017,64.149,4.166,12.747,12.7,57841.797,0.023,47.513,4.334,13.094,13.047,118491.398,0.01,104.162,4.144,12.316,12.269
2458413.776,2458413.776,452582.781,0.003,385.788,3.974,10.861,10.807,79140.961,0.016,66.358,4.094,12.754,12.7,58185.688,0.023,46.315,4.182,13.088,13.034,122235.953,0.011,99.716,4.053,12.282,12.228
2458413.777,2458413.777,454972.031,0.003,371.238,4.277,10.855,10.824,80839.938,0.016,66.372,4.139,12.731,12.7,59862.344,0.023,46.892,4.147,13.057,13.026,119509.227,0.011,98.765,4.157,12.306,12.276
2458413.777,2458413.777,454913.719,0.003,369.2,4.196,10.855,10.783,77793.891,0.018,61.467,4.172,12.773,12.7,57495.191,0.023,47.08,3.982,13.101,13.028,117237.922,0.011,96.408,4.267,12.327,12.255
2458413.778,2458413.778,442840.344,0.003,366.922,4.839,10.884,10.773,75095.867,0.018,60.362,4.755,12.811,12.7,58698.977,0.022,48.546,5.064,13.078,12.967,119764.875,0.011,95.048,4.872,12.304,12.193
2458413.778,2458413.778,430091.094,0.003,350.073,5.828,10.916,10.857,78752.094,0.016,65.497,5.698,12.759,12.7,56761.109,0.023,45.839,5.314,13.115,13.056,113979.203,0.012,87.793,5.63,12.358,12.299
2458413.779,2458413.779,424900.125,0.003,353.328,5.483,10.929,10.823,75426.18,0.018,59.712,5.273,12.806,12.7,56607.082,0.023,46.532,5.583,13.118,13.012,111972.531,0.012,91.862,5.705,12.377,12.271
2458413.779,2458413.779,424802.375,0.003,353.822,4.022,10.93,10.826,75605.523,0.018,61.046,4.167,12.804,12.7,57601.953,0.022,48.838,3.874,13.099,12.995,114382.727,0.011,95.737,4.124,12.354,12.25
2458413.78,2458413.78,424608.719,0.003,334.565,4.266,10.93,10.84,76564.008,0.017,61.623,4.29,12.79,12.7,57285.914,0.023,46.379,4.186,13.105,13.015,116381.172,0.011,96.946,4.341,12.335,12.245
2458413.78,2458413.78,413095.469,0.003,348.589,3.911,10.96,10.841,74564.141,0.018,59.415,3.933,12.819,12.7,56939.191,0.023,47.495,3.988,13.111,12.993,112068.813,0.012,89.049,3.914,12.376,12.258
2458413.781,2458413.781,415180.75,0.003,325.366,4.16,10.954,10.806,72518.297,0.02,54.802,4.137,12.849,12.7,53741.129,0.025,43.311,4.322,13.174,13.025,112080.203,0.012,91.205,4.245,12.376,12.227
2458413.782,2458413.781,415284.375,0.003,329.144,4.19,10.954,10.829,74154.133,0.018,61.135,4.157,12.825,12.7,54765.281,0.026,40.624,4.171,13.154,13.029,106309.563,0.013,85.343,4.235,12.434,12.309
2458413.782,2458413.782,404551.094,0.003,340.713,3.804,10.983,10.843,73147.688,0.019,55.778,3.874,12.839,12.7,55220.07,0.025,42.339,3.85,13.145,13.005,112644.828,0.012,88.528,3.857,12.371,12.231
2458413.783,2458413.782,415242.375,0.003,330.257,4.362,10.954,10.794,71750.992,0.019,57.257,4.498,12.86,12.7,49274.113,0.028,38.699,4.185,13.268,13.108,105124.695,0.013,84.827,4.282,12.446,12.285
2458413.783,2458413.783,393560.156,0.003,333.824,4.064,11.012,10.853,71797.477,0.019,57.204,4.197,12.86,12.7,54638.25,0.024,44.028,3.984,13.156,12.997,105341.836,0.013,85.432,4.034,12.443,12.284
2458413.784,2458413.783,392126.656,0.003,321.514,4.576,11.016,10.846,71117.125,0.02,53.326,4.51,12.87,12.7,51195.344,0.026,41.688,4.471,13.227,13.057,110410.25,0.012,90.103,4.549,12.392,12.222
2458413.784,2458413.784,386909.438,0.004,298.492,5.034,11.031,10.904,74024.75,0.019,56.218,5.014,12.827,12.7,47049.352,0.024,44.264,4.662,13.319,13.192,104658.148,0.013,80.263,5.169,12.451,12.324
2458413.785,2458413.784,394011.063,0.004,307.924,4.776,11.011,10.863,72552.742,0.02,54.999,4.92,12.848,12.7,0,0,0,0,0,0,109291.898,0.013,85.931,4.883,12.404,12.255
2458413.785,2458413.785,380012.375,0.003,312.215,5.264,11.051,10.779,64796.016,0.02,54.475,4.91,12.971,12.7,0,0,0,0,0,0,104517.492,0.014,78.45,5.047,12.452,12.181
2458413.786,2458413.786,396074.25,0.003,314.706,5.685,11.006,10.808,69369.031,0.02,54.359,5.666,12.897,12.7,0,0,0,0,0,0,96192.023,0.014,75.588,5.702,12.542,12.345
2458413.786,2458413.786,381734.25,0.004,295.61,4.693,11.046,10.876,71154.109,0.02,54.35,4.681,12.87,12.7,0,0,0,0,0,0,101836.555,0.014,74.673,4.703,12.48,12.311
2458413.787,2458413.787,385958.938,0.004,309.087,4.261,11.034,10.83,68932.43,0.02,53.574,4.347,12.904,12.7,0,0,0,0,0,0,103270.195,0.013,80.154,4.295,12.465,12.261
2458413.787,2458413.787,376096.344,0.004,302.692,4.199,11.062,10.897,71460.742,0.019,55.448,4.328,12.865,12.7,0,0,0,0,0,0,103127.813,0.013,83.542,4.167,12.467,12.302
2458413.788,2458413.788,379618.281,0.004,295.993,5.106,11.052,10.846,68810.938,0.02,54.239,4.861,12.906,12.7,0,0,0,0,0,0,102886.125,0.014,77.672,4.862,12.469,12.263
2458413.788,2458413.788,367197.875,0.004,273.103,4.835,11.088,10.852,66940.594,0.021,51.075,4.547,12.936,12.7,0,0,0,0,0,0,102772.375,0.014,79.054,4.721,12.47,12.235
2458413.789,2458413.789,378945.25,0.004,294.479,3.752,11.054,10.91,72854.727,0.018,60.582,3.814,12.844,12.7,0,0,0,0,0,0,104282.422,0.014,76.84,3.779,12.454,12.311
2458413.79,2458413.789,375282.906,0.004,285.587,4.101,11.064,10.881,70248.25,0.02,52.805,4.056,12.883,12.7,0,0,0,0,0,0,100130.656,0.015,74.018,4.008,12.499,12.315
2458413.79,2458413.79,373714.438,0.004,294.881,4.366,11.069,10.791,64380.75,0.022,48.402,4.304,12.978,12.7,0,0,0,0,0,0,100839.883,0.013,80.622,4.315,12.491,12.213
2458413.791,2458413.79,358816.781,0.004,284.285,4.278,11.113,10.862,65997.141,0.022,47.788,4.26,12.951,12.7,0,0,0,0,0,0,99001.656,0.014,77.574,4.339,12.511,12.26
2458413.791,2458413.791,362818.531,0.004,267.971,4.235,11.101,10.836,65174.102,0.022,49.285,4.221,12.965,12.7,0,0,0,0,0,0,99862.492,0.014,76.525,4.224,12.501,12.237
2458413.792,2458413.791,350309.094,0.004,268.373,4.016,11.139,10.9,66760.813,0.021,51.075,4.047,12.939,12.7,0,0,0,0,0,0,101155.602,0.014,78.162,3.785,12.488,12.249
2458413.792,2458413.792,346972.094,0.004,273.405,4.193,11.149,10.908,66584.078,0.02,52.884,4.395,12.942,12.7,0,0,0,0,0,0,95951.016,0.015,73.043,4.289,12.545,12.303
2458413.793,2458413.792,343400.188,0.004,266.916,4.081,11.16,10.853,62665.891,0.023,46.893,3.984,13.007,12.7,0,0,0,0,0,0,94347.766,0.014,76.526,3.962,12.563,12.256
2458413.793,2458413.793,334446.094,0.004,255.569,4.036,11.189,10.951,66770.82,0.021,50.229,3.977,12.939,12.7,0,0,0,0,0,0,93435.492,0.015,72.079,3.968,12.574,12.335
2458413.794,2458413.794,328693.719,0.004,255.203,4.135,11.208,10.902,62760.113,0.023,46.672,4.26,13.006,12.7,0,0,0,0,0,0,94767.773,0.016,69.315,4.247,12.558,12.253
2458413.794,2458413.794,343086.563,0.004,255.69,4.054,11.161,10.815,60454.102,0.024,44.826,4.026,13.046,12.7,0,0,0,0,0,0,91061.008,0.016,67.049,4.102,12.602,12.255
2458413.795,2458413.795,323883.063,0.004,245.786,4.247,11.224,10.929,63408.801,0.022,49.291,4.514,12.995,12.7,0,0,0,0,0,0,91882.641,0.015,71.859,4.259,12.592,12.297
2458413.795,2458413.795,308703.75,0.005,232.517,4.584,11.276,10.942,61127.086,0.024,45.172,4.577,13.034,12.7,0,0,0,0,0,0,90582.758,0.016,69.427,4.497,12.607,12.273
2458413.796,2458413.796,319525.781,0.004,243.087,4.26,11.239,10.969,64888.324,0.022,48.858,4.309,12.97,12.7,0,0,0,0,0,0,90875.773,0.016,68.432,4.153,12.604,12.334
2458413.796,2458413.796,319578.875,0.005,239.579,4.66,11.239,10.886,60089.801,0.024,44.072,4.531,13.053,12.7,0,0,0,0,0,0,88472.672,0.016,65.466,4.672,12.633,12.28
2458413.797,2458413.797,308307.969,0.005,217.999,4.426,11.278,10.921,59875.094,0.025,42.819,4.589,13.057,12.7,0,0,0,0,0,0,87385.508,0.018,60.321,4.535,12.646,12.29
2458413.798,2458413.797,309497.813,0.005,222.545,4.186,11.273,10.78,52817.793,0.028,38.82,4.157,13.193,12.7,0,0,0,0,0,0,82959.32,0.018,59.43,4.19,12.703,12.21
2458413.798,2458413.798,311297.75,0.005,226.37,4.087,11.267,10.827,55484.211,0.027,40.175,4.104,13.14,12.7,0,0,0,0,0,0,87524.68,0.017,63.207,3.988,12.645,12.205
2458413.799,2458413.798,303524.375,0.005,216.773,4.454,11.295,10.888,57196.488,0.027,39.863,4.505,13.107,12.7,0,0,0,0,0,0,89574.016,0.017,64.854,4.451,12.62,12.213
2458413.799,2458413.799,297240.813,0.005,214.568,5.063,11.317,10.901,56715.73,0.026,40.949,5.111,13.116,12.7,0,0,0,0,0,0,85573.859,0.017,64.983,5.529,12.669,12.253
2458413.8,2458413.799,295246.75,0.005,222.616,4.401,11.325,10.861,54291.988,0.027,39.559,4.422,13.163,12.7,0,0,0,0,0,0,84744.859,0.017,64.224,4.516,12.68,12.217
2458413.8,2458413.8,275176.594,0.005,208.829,4.464,11.401,10.945,54674.266,0.028,38.641,4.402,13.156,12.7,0,0,0,0,0,0,81397.25,0.018,59.066,4.525,12.723,12.268
2458413.801,2458413.8,289084,0.005,205.805,4.376,11.347,10.9,55092.621,0.026,41.322,4.449,13.147,12.7,0,0,0,0,0,0,83373.727,0.02,53.932,4.506,12.697,12.25
2458413.801,2458413.801,281734.719,0.005,209.008,4.56,11.375,10.882,52805.641,0.027,39.858,4.558,13.193,12.7,0,0,0,0,0,0,79371.125,0.022,49.549,4.402,12.751,12.258
2458413.802,2458413.802,273526.656,0.005,200.51,4.827,11.408,10.913,52727.477,0.028,38.235,4.457,13.195,12.7,0,0,0,0,0,0,73408.172,0.022,48.527,4.66,12.836,12.341
2458413.802,2458413.802,270686.5,0.005,201.584,4.719,11.419,10.911,52101.957,0.029,36.392,4.857,13.208,12.7,0,0,0,0,0,0,79268.219,0.019,55.295,4.887,12.752,12.244
2458413.803,2458413.803,256172.5,0.006,179.62,5.887,11.479,10.964,51791.348,0.028,38.088,5.904,13.214,12.7,0,0,0,0,0,0,74970.469,0.02,54.598,6.276,12.813,12.298
2458413.803,2458413.803,252410.297,0.006,187.301,6.398,11.495,10.983,51915.18,0.029,37.095,6.067,13.212,12.7,0,0,0,0,0,0,69902.492,0.022,48.017,6.984,12.889,12.377
2458413.804,2458413.804,235708.328,0.006,172.6,5.125,11.569,10.903,45017.031,0.033,32.282,4.533,13.367,12.7,0,0,0,0,0,0,74121.781,0.022,48.57,4.758,12.825,12.159
2458413.804,2458413.804,223653.156,0.007,159.549,4.976,11.626,10.858,40987.809,0.035,30.6,4.864,13.468,12.7,0,0,0,0,0,0,69980.922,0.022,49.788,4.839,12.888,12.119
2458413.805,2458413.805,216300.922,0.007,144.623,4.681,11.662,10.974,44134.082,0.034,31.097,4.536,13.388,12.7,0,0,0,0,0,0,65536.156,0.025,42.255,4.405,12.959,12.271
2458413.806,2458413.805,197608.875,0.008,131.725,5.066,11.76,10.853,36055.5,0.045,23.736,4.224,13.608,12.7,0,0,0,0,0,0,59341.008,0.025,42.49,5.09,13.067,12.159
2458413.806,2458413.806,183663.984,0.008,129.1,4.927,11.84,11.036,39683.129,0.041,26.21,4.16,13.503,12.7,0,0,0,0,0,0,54287.855,0.027,39.463,4.93,13.163,12.36
2458413.807,2458413.806,158509.813,0.009,115.436,5.662,12,10.944,31443.834,0.05,21.344,4.763,13.756,12.7,0,0,0,0,0,0,47621.102,0.027,39.166,5.09,13.306,12.249
2458413.807,2458413.807,116227.266,0.014,77.057,5.766,12.337,10.93,22770.592,0.066,15.976,4.342,14.107,12.7,0,0,0,0,0,0,32960.316,0.043,24.735,4.917,13.705,12.298
2458413.808,2458413.807,121870.578,0.014,78.505,5.456,12.285,10.832,21816.27,0.069,15.137,4.773,14.153,12.7,0,0,0,0,0,0,36838.949,0.037,29.018,5.276,13.584,12.131
2458413.809,2458413.808,109251.016,0.014,77.898,5.759,12.404,10.943,21667.961,0.065,16.097,3.684,14.16,12.7,0,0,0,0,0,0,34623.906,0.039,27.359,5.013,13.652,12.191
2458413.809,2458413.809,104124.594,0.014,79.871,6.569,12.456,10.984,21446.344,0.065,16.207,5.724,14.172,12.7,0,0,0,0,0,0,31539.014,0.039,27.298,6.268,13.753,12.281
