Timestamp (JD), File Timestamp (JD), Obj1 : Signal-to-Noise Ratio, Obj1 : Instrument Magnitude (Centroid), Obj1 : Magnitude (Centroid), Ref1 : Signal-to-Noise Ratio, Ref1 : Instrument Magnitude (Centroid), Ref1 : Magnitude (Centroid), Chk1 : Signal-to-Noise Ratio, Chk1 : Instrument Magnitude (Centroid), Chk1 : Magnitude (Centroid), Chk2 : Signal-to-Noise Ratio, Chk2 : Instrument Magnitude (Centroid), Chk2 : Magnitude (Centroid), Chk3 : Signal-to-Noise Ratio, Chk3 : Instrument Magnitude (Centroid), Chk3 : Magnitude (Centroid)
2459271.54,2459271.54,142.195,17.09,12.487,612.294,15.504,10.9,100.793,17.462,12.859,919.215,15.062,10.458,124.505,17.25,12.646
2459271.541,2459271.541,138.271,17.112,12.501,607.792,15.511,10.9,95.093,17.509,12.897,898.589,15.059,10.448,115.178,17.293,12.682
2459271.541,2459271.541,136.971,17.129,12.519,601.153,15.511,10.9,99.908,17.483,12.872,897.386,15.064,10.453,121.045,17.279,12.668
2459271.542,2459271.542,137.59,17.135,12.522,602.105,15.514,10.9,98.37,17.479,12.866,918.879,15.065,10.452,117.463,17.277,12.664
2459271.543,2459271.542,132.78,17.152,12.537,608.425,15.515,10.9,97.35,17.512,12.897,911.126,15.064,10.449,113.217,17.331,12.716
2459271.543,2459271.543,132.687,17.159,12.539,600.053,15.519,10.9,98.373,17.482,12.863,891.665,15.064,10.445,116.622,17.297,12.677
2459271.544,2459271.543,136.116,17.148,12.515,598.647,15.532,10.9,98.991,17.472,12.839,906.287,15.08,10.448,120.582,17.28,12.648
2459271.544,2459271.544,135.815,17.147,12.518,588.252,15.529,10.9,100.643,17.483,12.854,910.827,15.071,10.442,117.504,17.29,12.661
2459271.544,2459271.544,135.339,17.146,12.522,599.514,15.523,10.9,99.252,17.475,12.851,901.686,15.07,10.447,116.909,17.293,12.67
2459271.545,2459271.545,138.004,17.14,12.515,616.365,15.525,10.9,100.684,17.468,12.843,895.32,15.071,10.446,117.908,17.286,12.661
2459271.545,2459271.545,132.617,17.168,12.545,605.538,15.523,10.9,97.073,17.483,12.86,924.972,15.078,10.455,118.103,17.299,12.676
2459271.546,2459271.546,133.76,17.15,12.528,607.157,15.521,10.9,102.703,17.46,12.839,917.549,15.071,10.45,113.404,17.333,12.712
2459271.546,2459271.546,131.354,17.181,12.542,575.793,15.54,10.9,97.489,17.499,12.859,892.042,15.083,10.443,117.24,17.272,12.632
2459271.547,2459271.547,139.841,17.1,12.477,590.794,15.523,10.9,99.507,17.498,12.876,917.855,15.072,10.449,117.03,17.289,12.666
2459271.548,2459271.547,133.955,17.164,12.557,615.275,15.507,10.9,100.26,17.484,12.877,913.003,15.064,10.457,120.082,17.274,12.667
2459271.548,2459271.548,137.826,17.135,12.525,599.899,15.51,10.9,100.416,17.472,12.862,912.593,15.065,10.455,121.835,17.264,12.654
2459271.549,2459271.549,130.08,17.177,12.575,600.73,15.503,10.9,100.913,17.457,12.854,902.084,15.07,10.467,119.876,17.275,12.672
2459271.549,2459271.549,129.996,17.172,12.549,613.184,15.523,10.9,93.102,17.536,12.913,921.462,15.074,10.451,117.721,17.294,12.671
2459271.55,2459271.55,136.106,17.16,12.545,596.475,15.514,10.9,100.142,17.451,12.837,922.226,15.067,10.453,117.981,17.281,12.667
2459271.55,2459271.55,134.825,17.153,12.529,590.053,15.524,10.9,100.62,17.485,12.86,909.075,15.066,10.442,117.124,17.285,12.661
2459271.551,2459271.55,133.098,17.161,12.538,598.961,15.523,10.9,96.979,17.499,12.875,918.152,15.071,10.448,119.102,17.28,12.656
2459271.551,2459271.551,131.249,17.169,12.547,589.496,15.523,10.9,101.849,17.464,12.841,928.305,15.064,10.441,118.966,17.253,12.63
2459271.552,2459271.551,132.678,17.182,12.569,610.358,15.514,10.9,99.619,17.464,12.851,912.352,15.07,10.457,114.076,17.314,12.7
2459271.552,2459271.552,136.791,17.155,12.536,601.008,15.519,10.9,102.267,17.451,12.831,909.547,15.061,10.442,119.861,17.283,12.664
2459271.553,2459271.553,132.641,17.161,12.547,602.056,15.514,10.9,98.058,17.499,12.885,897.988,15.064,10.45,121.048,17.266,12.652
2459271.554,2459271.554,133.067,17.173,12.537,595.431,15.536,10.9,100.325,17.485,12.848,893.004,15.082,10.446,116.93,17.298,12.662
2459271.555,2459271.554,132.934,17.19,12.567,595.34,15.523,10.9,99.518,17.487,12.864,901.349,15.074,10.451,116.377,17.291,12.668
2459271.556,2459271.556,130.497,17.174,12.541,592.799,15.533,10.9,95.926,17.503,12.87,888.916,15.082,10.45,112.744,17.331,12.698
2459271.557,2459271.557,134.323,17.181,12.564,612.246,15.517,10.9,98.175,17.511,12.894,914.034,15.069,10.452,114.967,17.323,12.706
2459271.558,2459271.558,129.877,17.21,12.579,599.505,15.531,10.9,97.853,17.485,12.854,904.11,15.079,10.448,113.794,17.304,12.673
2459271.558,2459271.558,132.355,17.193,12.58,618.874,15.513,10.9,102.969,17.458,12.846,910.915,15.078,10.466,115.919,17.321,12.708
2459271.559,2459271.558,127.01,17.213,12.566,585.012,15.547,10.9,101.693,17.471,12.825,897.474,15.084,10.438,117.164,17.305,12.658
2459271.559,2459271.559,126.13,17.211,12.576,597.064,15.535,10.9,97.67,17.499,12.863,898.661,15.075,10.44,115.415,17.305,12.669
2459271.559,2459271.559,127.087,17.218,12.574,604.304,15.544,10.9,99.014,17.483,12.839,889.276,15.078,10.434,115.264,17.317,12.673
2459271.56,2459271.56,126.559,17.213,12.586,612.124,15.527,10.9,94.795,17.537,12.91,918.534,15.076,10.449,117.673,17.295,12.668
2459271.56,2459271.56,126.616,17.231,12.589,586.752,15.543,10.9,97.083,17.517,12.874,887.708,15.091,10.448,116.615,17.308,12.666
2459271.561,2459271.561,127.386,17.206,12.572,582.957,15.534,10.9,98.464,17.486,12.852,894.293,15.091,10.457,114.411,17.332,12.698
2459271.562,2459271.562,126.363,17.201,12.554,589.109,15.548,10.9,96.351,17.521,12.874,880.674,15.092,10.444,114.339,17.323,12.675
2459271.562,2459271.562,124.64,17.226,12.587,600.651,15.538,10.9,96.625,17.509,12.871,883.562,15.094,10.456,115.136,17.312,12.674
2459271.563,2459271.563,129.665,17.198,12.574,598.208,15.524,10.9,101.066,17.462,12.838,902.487,15.076,10.452,111.488,17.343,12.719
2459271.563,2459271.563,126.939,17.222,12.581,587.225,15.541,10.9,95.566,17.516,12.875,882.129,15.085,10.444,115.745,17.319,12.678
2459271.564,2459271.564,129,17.212,12.578,589.572,15.535,10.9,98.2,17.499,12.864,903.714,15.09,10.456,115.303,17.314,12.679
2459271.564,2459271.564,125.9,17.232,12.593,585.588,15.539,10.9,97.183,17.496,12.858,888.292,15.09,10.451,115.534,17.303,12.664
2459271.565,2459271.565,127.599,17.204,12.566,603.828,15.538,10.9,97.648,17.496,12.858,891.203,15.093,10.455,117.572,17.299,12.66
2459271.565,2459271.565,130.37,17.204,12.551,585.618,15.553,10.9,94.935,17.538,12.885,895.294,15.099,10.446,116.502,17.313,12.659
2459271.566,2459271.566,126.809,17.232,12.581,586.008,15.551,10.9,95.933,17.518,12.867,892.125,15.094,10.444,114.428,17.32,12.669
2459271.566,2459271.566,124.322,17.227,12.57,582.369,15.557,10.9,95.081,17.519,12.862,890.161,15.102,10.444,116.188,17.312,12.655
2459271.588,2459271.588,150.004,17.061,12.424,607.874,15.537,10.9,99.982,17.479,12.843,926.039,15.074,10.438,115.982,17.332,12.695
2459271.589,2459271.588,149.113,17.077,12.436,605.778,15.541,10.9,102.621,17.464,12.822,897.364,15.082,10.44,119.166,17.304,12.663
2459271.589,2459271.589,150.995,17.051,12.39,597.933,15.561,10.9,99.049,17.508,12.847,890.245,15.093,10.432,115.02,17.336,12.675
2459271.59,2459271.589,151.977,17.053,12.413,611.96,15.54,10.9,100.865,17.471,12.832,904.922,15.072,10.432,115.669,17.349,12.709
2459271.59,2459271.59,156.333,17.013,12.371,610.759,15.542,10.9,101.23,17.483,12.84,909.9,15.081,10.439,119.395,17.308,12.665
2459271.59,2459271.59,160.338,16.998,12.373,624.567,15.525,10.9,101.21,17.479,12.854,905.914,15.065,10.44,120.439,17.31,12.684
2459271.592,2459271.592,167.996,16.95,12.323,612.725,15.527,10.9,100.197,17.48,12.853,914.548,15.065,10.439,115.606,17.339,12.712
2459271.593,2459271.592,170.516,16.936,12.305,599.765,15.531,10.9,103.427,17.454,12.823,914.659,15.074,10.443,123.029,17.286,12.655
2459271.593,2459271.593,168.617,16.944,12.311,598.626,15.533,10.9,99.055,17.496,12.863,900.397,15.079,10.446,117.221,17.32,12.687
2459271.593,2459271.593,169.067,16.922,12.302,629.129,15.52,10.9,101.23,17.485,12.864,913.059,15.072,10.452,120.373,17.287,12.667
2459271.594,2459271.594,176.34,16.86,12.235,617.037,15.525,10.9,100.441,17.48,12.855,908.769,15.072,10.447,119.66,17.316,12.692
2459271.595,2459271.595,178.476,16.872,12.239,603.013,15.533,10.9,97.879,17.522,12.888,908.758,15.072,10.439,119.446,17.32,12.686
2459271.596,2459271.595,184.72,16.821,12.188,608.986,15.533,10.9,98.775,17.506,12.873,927.51,15.068,10.435,117.628,17.316,12.683
2459271.596,2459271.596,191.624,16.803,12.167,605.93,15.536,10.9,100.583,17.471,12.835,902.954,15.072,10.436,115.8,17.325,12.689
2459271.597,2459271.596,199.426,16.742,12.146,636.653,15.496,10.9,100.886,17.471,12.875,926.429,15.038,10.442,117.933,17.305,12.709
2459271.597,2459271.597,197.655,16.76,12.124,620.339,15.536,10.9,97.631,17.527,12.891,907.861,15.075,10.439,118.514,17.319,12.683
2459271.597,2459271.597,207.25,16.719,12.091,603.342,15.527,10.9,99.856,17.487,12.86,892.605,15.063,10.436,114,17.337,12.709
2459271.598,2459271.598,200.966,16.732,12.106,605.112,15.526,10.9,97.198,17.502,12.876,931.251,15.069,10.443,113.626,17.369,12.743
2459271.598,2459271.598,206.307,16.686,12.069,613.592,15.517,10.9,101.463,17.462,12.845,930.478,15.062,10.445,114.027,17.314,12.697
2459271.599,2459271.599,212.981,16.685,12.039,602.09,15.546,10.9,99.951,17.479,12.833,906.454,15.085,10.438,115.106,17.346,12.7
2459271.599,2459271.599,221.473,16.647,12.01,595.987,15.537,10.9,99.815,17.498,12.861,894.876,15.074,10.437,121.923,17.295,12.658
2459271.6,2459271.599,218.282,16.635,12.009,611.223,15.525,10.9,101.238,17.461,12.836,920.289,15.065,10.44,114.839,17.335,12.71
2459271.6,2459271.6,228.981,16.605,11.983,612.908,15.522,10.9,101.244,17.468,12.846,937.052,15.04,10.418,119.828,17.321,12.698
2459271.601,2459271.601,240.083,16.547,11.915,612.057,15.532,10.9,101.054,17.471,12.839,915.762,15.07,10.439,119.048,17.312,12.68
2459271.602,2459271.602,254.863,16.516,11.893,609.524,15.523,10.9,99.006,17.493,12.87,909.298,15.072,10.449,114.185,17.346,12.723
2459271.603,2459271.603,262.983,16.466,11.841,610.69,15.526,10.9,97.752,17.489,12.864,920.7,15.065,10.44,117.925,17.311,12.685
2459271.603,2459271.603,260.577,16.476,11.846,619.426,15.53,10.9,100.549,17.502,12.872,913.664,15.077,10.447,117.037,17.34,12.71
2459271.604,2459271.603,271.907,16.433,11.811,608.349,15.522,10.9,101.992,17.47,12.847,917.875,15.063,10.441,113.933,17.348,12.725
2459271.604,2459271.604,267.78,16.42,11.79,603.42,15.53,10.9,100.141,17.475,12.846,909.101,15.07,10.44,117.749,17.322,12.693
2459271.605,2459271.604,278.229,16.407,11.774,609.23,15.532,10.9,99.854,17.479,12.847,917.135,15.066,10.433,116.244,17.327,12.695
2459271.605,2459271.605,287.422,16.361,11.741,623.127,15.52,10.9,105.844,17.445,12.824,932.214,15.062,10.441,117.476,17.316,12.695
2459271.605,2459271.605,291.823,16.337,11.72,630.331,15.517,10.9,102.116,17.492,12.875,938.912,15.065,10.449,117.381,17.295,12.679
2459271.606,2459271.606,300.464,16.318,11.689,615.345,15.529,10.9,97.606,17.499,12.87,928.496,15.073,10.444,120.216,17.301,12.672
2459271.606,2459271.606,308.75,16.282,11.654,613.162,15.528,10.9,101.506,17.466,12.838,935.472,15.066,10.438,115.859,17.354,12.726
2459271.607,2459271.607,317.208,16.229,11.599,610.735,15.53,10.9,103.034,17.46,12.83,910.23,15.067,10.437,119.248,17.31,12.68
2459271.608,2459271.607,338.62,16.184,11.566,611.541,15.518,10.9,101.882,17.476,12.858,924.417,15.065,10.447,117.248,17.33,12.712
2459271.608,2459271.608,346.051,16.163,11.543,621.554,15.52,10.9,101.203,17.474,12.854,934.498,15.059,10.439,121.522,17.297,12.677
2459271.609,2459271.608,353.316,16.119,11.497,627.385,15.522,10.9,101.472,17.468,12.846,925.459,15.062,10.44,116.753,17.335,12.713
2459271.609,2459271.609,365.247,16.087,11.46,614.978,15.527,10.9,98.316,17.503,12.876,899.301,15.068,10.441,119.462,17.281,12.654
2459271.61,2459271.61,394.883,16.028,11.408,607.781,15.52,10.9,100.383,17.474,12.854,922.026,15.068,10.447,119.609,17.324,12.704
2459271.61,2459271.61,396.602,16.01,11.385,604.385,15.525,10.9,100.487,17.471,12.846,910.857,15.067,10.442,118.884,17.312,12.687
2459271.611,2459271.611,416.629,15.97,11.336,607.151,15.534,10.9,99.546,17.478,12.844,911.798,15.065,10.431,115.566,17.324,12.69
2459271.611,2459271.611,414.894,15.964,11.333,618.103,15.531,10.9,95.264,17.521,12.89,916.7,15.069,10.438,115.606,17.347,12.716
2459271.612,2459271.611,429.164,15.923,11.309,619.598,15.515,10.9,101.229,17.478,12.863,916.671,15.067,10.453,120.639,17.284,12.669
2459271.612,2459271.612,436.173,15.897,11.282,628.513,15.515,10.9,106.134,17.443,12.829,903.792,15.065,10.45,117.77,17.335,12.72
2459271.612,2459271.612,449.212,15.862,11.241,613.801,15.521,10.9,99.051,17.499,12.878,925.075,15.063,10.442,117.013,17.311,12.69
2459271.613,2459271.613,458.33,15.855,11.241,622.932,15.514,10.9,105.586,17.442,12.828,928.578,15.062,10.448,115.756,17.34,12.727
2459271.613,2459271.613,462.869,15.832,11.211,616.946,15.52,10.9,100.232,17.481,12.861,915.884,15.064,10.444,120.173,17.307,12.687
2459271.614,2459271.614,471.695,15.832,11.203,611.964,15.529,10.9,97.939,17.492,12.863,923.59,15.069,10.44,114.012,17.344,12.714
2459271.614,2459271.614,479.421,15.799,11.171,615.08,15.528,10.9,102.516,17.471,12.843,915.942,15.067,10.439,118.377,17.33,12.702
2459271.615,2459271.614,470.429,15.81,11.195,616.712,15.515,10.9,97.777,17.506,12.891,920.713,15.062,10.447,119.4,17.294,12.679
2459271.615,2459271.615,485.716,15.788,11.16,616.096,15.528,10.9,97.812,17.508,12.88,936.344,15.069,10.442,118.323,17.311,12.683
2459271.616,2459271.616,482.386,15.775,11.157,626.904,15.518,10.9,100.103,17.474,12.856,906.645,15.06,10.442,120.799,17.299,12.681
2459271.616,2459271.616,489.522,15.744,11.133,626.289,15.511,10.9,103.46,17.457,12.846,927.417,15.056,10.445,116.066,17.32,12.709
2459271.617,2459271.617,503.616,15.749,11.128,617.28,15.52,10.9,99.863,17.483,12.862,933.448,15.063,10.443,118.526,17.32,12.699
2459271.617,2459271.617,491.048,15.761,11.136,615.555,15.525,10.9,97.334,17.5,12.875,919.373,15.064,10.439,112.698,17.333,12.709
2459271.618,2459271.618,497.378,15.753,11.13,616.102,15.522,10.9,102.337,17.48,12.858,907.448,15.064,10.442,121.404,17.307,12.685
2459271.619,2459271.618,495.378,15.758,11.134,619.072,15.524,10.9,99.042,17.484,12.859,907.618,15.065,10.441,119.768,17.314,12.69
2459271.619,2459271.619,515.761,15.744,11.123,620.175,15.522,10.9,101.286,17.463,12.841,919.64,15.062,10.44,123.097,17.278,12.657
2459271.619,2459271.619,494.089,15.763,11.132,614.913,15.531,10.9,103.8,17.453,12.822,901.405,15.082,10.45,117.94,17.318,12.687
2459271.62,2459271.62,507.192,15.745,11.116,610.509,15.529,10.9,102.281,17.481,12.852,903.729,15.065,10.436,120.635,17.289,12.66
2459271.62,2459271.62,505.104,15.741,11.109,613.269,15.532,10.9,101.428,17.46,12.828,913.194,15.066,10.434,118.532,17.313,12.681
2459271.621,2459271.621,505.051,15.745,11.116,613.304,15.529,10.9,101.418,17.473,12.844,906.333,15.071,10.442,116.296,17.329,12.7
2459271.621,2459271.621,503.72,15.752,11.13,606.364,15.522,10.9,117.621,17.321,12.699,902.265,15.068,10.446,111.855,17.356,12.735
2459271.622,2459271.621,498.254,15.748,11.126,620.851,15.522,10.9,97.594,17.491,12.869,899.84,15.067,10.445,117.081,17.319,12.697
2459271.622,2459271.622,512.212,15.739,11.111,610.671,15.528,10.9,100.48,17.464,12.836,928.285,15.058,10.43,119.717,17.302,12.674
2459271.623,2459271.622,502.121,15.759,11.135,617.171,15.524,10.9,98.648,17.478,12.854,903.107,15.066,10.442,117.589,17.32,12.696
2459271.623,2459271.623,496.593,15.755,11.122,607.435,15.533,10.9,97.113,17.505,12.872,899.899,15.077,10.444,119.259,17.315,12.683
2459271.623,2459271.623,487.541,15.757,11.129,617.4,15.529,10.9,97.828,17.502,12.873,904.669,15.069,10.44,116.26,17.328,12.7
2459271.624,2459271.624,497.705,15.759,11.135,606.479,15.524,10.9,101.475,17.479,12.856,911.02,15.072,10.448,113.93,17.336,12.712
2459271.624,2459271.624,497.37,15.75,11.126,613.918,15.524,10.9,99.618,17.48,12.856,929.583,15.066,10.443,115.607,17.318,12.695
2459271.625,2459271.625,491.587,15.768,11.129,621.966,15.54,10.9,97.387,17.521,12.881,899.256,15.08,10.441,118.466,17.314,12.674
2459271.625,2459271.625,490.674,15.768,11.133,609.829,15.535,10.9,98.229,17.491,12.856,892.185,15.076,10.441,117.453,17.34,12.705
2459271.626,2459271.625,495.057,15.766,11.142,612.078,15.524,10.9,99.785,17.477,12.853,916.163,15.065,10.441,117.854,17.303,12.679
2459271.626,2459271.626,489,15.762,11.126,606.524,15.536,10.9,97.548,17.495,12.859,892.785,15.078,10.443,116.213,17.335,12.699
2459271.626,2459271.626,487.674,15.777,11.132,609.742,15.545,10.9,102,17.469,12.824,929.292,15.077,10.432,116.521,17.327,12.682
2459271.627,2459271.627,491.801,15.779,11.15,600.043,15.529,10.9,99.897,17.475,12.846,918.19,15.069,10.44,112.904,17.344,12.715
2459271.627,2459271.627,493.44,15.785,11.138,606.893,15.547,10.9,97.042,17.506,12.859,909.747,15.083,10.436,118.441,17.309,12.662
2459271.628,2459271.628,497.805,15.762,11.133,615.812,15.53,10.9,101.251,17.476,12.846,908.257,15.065,10.435,119.382,17.309,12.679
2459271.628,2459271.628,485.135,15.784,11.156,607.127,15.528,10.9,98.838,17.504,12.876,920.322,15.079,10.451,116.019,17.312,12.684
2459271.629,2459271.628,490.441,15.773,11.155,617.992,15.519,10.9,102.874,17.468,12.849,923.822,15.065,10.447,114.351,17.337,12.719
2459271.629,2459271.629,489.199,15.783,11.154,626.295,15.529,10.9,102.92,17.456,12.827,913.86,15.067,10.438,119.928,17.284,12.655
2459271.63,2459271.629,473.9,15.79,11.166,617.363,15.524,10.9,99.616,17.493,12.869,930.571,15.072,10.448,115.034,17.327,12.702
2459271.63,2459271.63,465.015,15.81,11.181,609.103,15.529,10.9,99.727,17.475,12.846,901.485,15.072,10.443,111.133,17.338,12.71
2459271.63,2459271.63,471.628,15.797,11.166,606.02,15.531,10.9,102.336,17.455,12.824,910.069,15.07,10.439,118.768,17.305,12.674
2459271.631,2459271.631,475.279,15.794,11.168,607.882,15.525,10.9,99.039,17.5,12.875,913.532,15.063,10.438,118.748,17.308,12.683
2459271.631,2459271.631,479.939,15.802,11.19,620.834,15.511,10.9,100.416,17.46,12.849,922.407,15.06,10.449,118.063,17.303,12.691
2459271.632,2459271.632,476.315,15.809,11.18,609.264,15.529,10.9,102.711,17.447,12.819,885.301,15.069,10.441,113.042,17.351,12.723
2459271.633,2459271.632,470.945,15.825,11.19,613.046,15.534,10.9,98.103,17.478,12.844,896.148,15.069,10.434,119.294,17.309,12.675
2459271.633,2459271.633,469.004,15.822,11.195,606.326,15.527,10.9,100.551,17.498,12.871,925.844,15.073,10.446,115.931,17.342,12.715
2459271.633,2459271.633,452.918,15.838,11.202,592.351,15.536,10.9,98.449,17.52,12.885,909.224,15.075,10.44,116.535,17.311,12.676
2459271.634,2459271.634,455.701,15.829,11.204,602.993,15.525,10.9,97.513,17.502,12.877,930.347,15.07,10.445,123.161,17.283,12.658
2459271.634,2459271.634,453.583,15.847,11.217,602.098,15.529,10.9,100.038,17.466,12.837,908.1,15.075,10.445,115.318,17.336,12.707
2459271.635,2459271.635,447.755,15.849,11.216,613.298,15.533,10.9,97.853,17.511,12.878,898.695,15.083,10.45,114.927,17.327,12.694
2459271.635,2459271.635,454.698,15.864,11.222,588.373,15.542,10.9,96.74,17.492,12.85,904.52,15.081,10.439,114.812,17.341,12.699
2459271.636,2459271.635,454.657,15.847,11.216,616.252,15.531,10.9,101.229,17.472,12.841,889.91,15.076,10.445,117.439,17.329,12.698
2459271.636,2459271.636,446.979,15.865,11.225,605.606,15.54,10.9,96.214,17.514,12.874,894.739,15.075,10.434,117.271,17.326,12.686
2459271.637,2459271.636,452.635,15.858,11.224,609.327,15.534,10.9,100.061,17.492,12.857,902.372,15.069,10.435,118.258,17.314,12.68
2459271.637,2459271.637,429.033,15.889,11.247,598.897,15.542,10.9,99.14,17.477,12.835,888.94,15.085,10.442,117.221,17.336,12.694
2459271.637,2459271.637,448.239,15.868,11.245,613.796,15.523,10.9,100.148,17.478,12.855,916.735,15.067,10.444,121.652,17.282,12.659
2459271.638,2459271.638,446.839,15.855,11.23,603.316,15.525,10.9,102.121,17.457,12.832,915.451,15.066,10.441,117.236,17.324,12.698
2459271.638,2459271.638,458.531,15.84,11.236,628.574,15.504,10.9,106.377,17.429,12.825,931.32,15.038,10.434,118.816,17.292,12.688
2459271.639,2459271.639,437.193,15.875,11.234,600.531,15.542,10.9,95.813,17.509,12.868,895.147,15.074,10.432,116.214,17.309,12.668
2459271.639,2459271.639,437.986,15.875,11.252,603.509,15.523,10.9,103.803,17.429,12.806,896.869,15.065,10.442,116.919,17.301,12.678
2459271.64,2459271.639,436.667,15.875,11.25,599.426,15.525,10.9,97.252,17.488,12.863,916.598,15.063,10.437,117.871,17.305,12.68
2459271.64,2459271.64,427.678,15.909,11.264,595.241,15.545,10.9,100.204,17.48,12.835,914.412,15.077,10.432,113.094,17.351,12.706
2459271.641,2459271.641,432.768,15.896,11.265,603.401,15.53,10.9,97.411,17.498,12.867,904.849,15.079,10.449,116.058,17.32,12.689
2459271.641,2459271.641,433.831,15.897,11.266,619.358,15.531,10.9,98.187,17.508,12.877,888.854,15.07,10.439,115.88,17.336,12.705
2459271.642,2459271.642,429.441,15.909,11.275,595.747,15.534,10.9,94.955,17.513,12.879,893.142,15.075,10.442,119.07,17.312,12.679
2459271.643,2459271.642,427.503,15.915,11.282,608.939,15.533,10.9,103.979,17.442,12.81,896.1,15.069,10.436,119.383,17.307,12.674
2459271.643,2459271.643,414.193,15.928,11.296,597.473,15.532,10.9,100.551,17.485,12.854,894.744,15.077,10.445,118.159,17.319,12.688
2459271.644,2459271.643,410.921,15.938,11.303,580.692,15.535,10.9,102.4,17.448,12.813,883.428,15.079,10.444,119.371,17.286,12.651
2459271.644,2459271.644,416.906,15.935,11.308,620.28,15.527,10.9,98.55,17.495,12.868,910.104,15.067,10.44,118.185,17.296,12.669
2459271.644,2459271.644,422.276,15.93,11.307,607.675,15.523,10.9,100.313,17.469,12.846,908.497,15.071,10.448,113.961,17.343,12.72
2459271.645,2459271.645,416.531,15.933,11.298,605.202,15.535,10.9,104.502,17.434,12.798,867.724,15.07,10.434,115.146,17.329,12.694
2459271.645,2459271.645,413.969,15.935,11.307,608.673,15.528,10.9,99.227,17.491,12.863,919.751,15.065,10.437,113.304,17.345,12.717
2459271.646,2459271.646,411.872,15.955,11.311,583.979,15.544,10.9,96.613,17.485,12.841,893.679,15.079,10.435,113.914,17.323,12.679
2459271.646,2459271.646,421.104,15.943,11.322,610.266,15.52,10.9,97.59,17.5,12.88,886.136,15.069,10.449,119.477,17.286,12.665
2459271.647,2459271.646,419.425,15.946,11.312,603.309,15.534,10.9,101.55,17.475,12.84,888.458,15.074,10.44,116.599,17.311,12.677
2459271.647,2459271.647,398.575,15.952,11.33,613.241,15.522,10.9,99.088,17.496,12.874,920.933,15.066,10.444,116.622,17.316,12.694
2459271.648,2459271.648,394.742,15.973,11.339,595.746,15.534,10.9,105.327,17.422,12.788,908.605,15.066,10.433,110.06,17.346,12.712
2459271.648,2459271.648,397.928,15.978,11.336,594.027,15.542,10.9,96.506,17.512,12.87,895,15.089,10.447,113.229,17.345,12.704
2459271.649,2459271.649,401.401,15.98,11.353,606.964,15.528,10.9,98.762,17.495,12.867,885.338,15.081,10.454,114.353,17.314,12.686
2459271.649,2459271.649,399.027,15.988,11.346,606.542,15.542,10.9,99.857,17.481,12.84,899.339,15.075,10.433,116.811,17.323,12.681
2459271.696,2459271.696,265.762,16.42,11.76,572.234,15.56,10.9,95.076,17.525,12.865,865.285,15.104,10.444,115.273,17.335,12.675
2459271.697,2459271.696,268.563,16.423,11.763,588.226,15.56,10.9,94.677,17.523,12.863,866.772,15.103,10.443,112.411,17.351,12.691
2459271.697,2459271.697,264.987,16.417,11.756,577.064,15.56,10.9,97.548,17.493,12.832,856.819,15.094,10.433,114.787,17.342,12.681
2459271.698,2459271.697,269.663,16.415,11.761,575.44,15.554,10.9,92.003,17.562,12.908,865.535,15.103,10.45,112.668,17.34,12.686
2459271.698,2459271.698,260.646,16.442,11.777,583.503,15.566,10.9,97.566,17.498,12.832,885.102,15.096,10.43,111.464,17.353,12.687
2459271.698,2459271.698,259.239,16.44,11.777,586.654,15.563,10.9,97.834,17.498,12.835,872.108,15.107,10.444,112.445,17.337,12.674
2459271.699,2459271.699,265.016,16.429,11.761,586.194,15.567,10.9,96.73,17.514,12.847,853.988,15.105,10.438,112.089,17.359,12.691
2459271.699,2459271.699,259.568,16.457,11.799,572.755,15.558,10.9,95.917,17.509,12.851,877.55,15.106,10.448,115.295,17.33,12.672
2459271.7,2459271.7,258.199,16.444,11.781,577.745,15.563,10.9,100.142,17.49,12.828,875.637,15.103,10.441,111.27,17.367,12.705
2459271.7,2459271.7,260.342,16.451,11.785,572.553,15.566,10.9,92.052,17.562,12.896,858.501,15.114,10.448,117.744,17.324,12.658
2459271.701,2459271.7,257.621,16.458,11.798,585.433,15.559,10.9,97.654,17.48,12.82,864.921,15.105,10.446,113.595,17.334,12.675
2459271.701,2459271.701,255.517,16.458,11.779,562.914,15.579,10.9,91.656,17.553,12.874,844.843,15.11,10.431,112.457,17.34,12.661
2459271.701,2459271.701,256.071,16.463,11.798,583.725,15.565,10.9,92.793,17.536,12.871,854.404,15.102,10.437,113.403,17.338,12.673
2459271.702,2459271.702,251.279,16.47,11.808,571.207,15.562,10.9,95.612,17.507,12.845,866.884,15.105,10.443,115.91,17.332,12.67
2459271.703,2459271.703,247.811,16.488,11.802,579.889,15.586,10.9,94.638,17.506,12.82,846.773,15.114,10.427,109.349,17.381,12.694
2459271.704,2459271.703,251.357,16.479,11.815,588.447,15.564,10.9,93.527,17.517,12.853,842.908,15.11,10.446,115.813,17.328,12.664
2459271.704,2459271.704,249.857,16.492,11.811,577.212,15.58,10.9,93.496,17.538,12.857,852.429,15.126,10.446,111.07,17.365,12.685
2459271.705,2459271.705,252.571,16.48,11.808,584.36,15.572,10.9,93.118,17.53,12.858,866.559,15.108,10.436,113.336,17.347,12.675
2459271.705,2459271.705,250.072,16.497,11.827,573.339,15.57,10.9,95.035,17.518,12.848,851.04,15.109,10.439,112.293,17.369,12.698
2459271.706,2459271.706,246.898,16.49,11.825,578.697,15.564,10.9,97.194,17.477,12.813,849.004,15.106,10.442,111.414,17.372,12.708
2459271.706,2459271.706,238.463,16.503,11.819,562.434,15.584,10.9,90.23,17.579,12.895,855.122,15.122,10.438,111.553,17.374,12.69
2459271.707,2459271.707,242.038,16.515,11.841,575.433,15.573,10.9,94.009,17.538,12.865,883.845,15.111,10.437,111.689,17.36,12.686
2459271.707,2459271.707,247.955,16.503,11.831,583.225,15.572,10.9,96.439,17.494,12.822,853.09,15.115,10.443,111.209,17.373,12.702
2459271.708,2459271.707,242.569,16.517,11.836,559.148,15.581,10.9,93.7,17.532,12.851,866.01,15.118,10.437,110.199,17.34,12.659
2459271.708,2459271.708,244.223,16.511,11.834,569.017,15.577,10.9,96.771,17.521,12.844,845.237,15.124,10.447,107.507,17.386,12.709
2459271.708,2459271.708,246.924,16.518,11.849,570.135,15.569,10.9,93,17.54,12.871,854.87,15.115,10.446,108.356,17.371,12.702
2459271.709,2459271.709,239.166,16.535,11.857,578.406,15.579,10.9,96.072,17.513,12.834,864.756,15.118,10.439,110.256,17.359,12.681
2459271.709,2459271.709,243.764,16.53,11.849,561.695,15.581,10.9,93.895,17.531,12.85,856.168,15.109,10.428,112.567,17.347,12.665
2459271.71,2459271.71,229.705,16.534,11.852,563.688,15.581,10.9,91.26,17.554,12.872,845.909,15.123,10.442,110.476,17.358,12.677
2459271.71,2459271.71,239.562,16.529,11.846,553.695,15.583,10.9,92.891,17.515,12.832,845.417,15.12,10.437,111.316,17.355,12.672
2459271.711,2459271.71,233.329,16.54,11.862,562.651,15.578,10.9,96.564,17.505,12.827,856.634,15.118,10.44,112.524,17.335,12.657
2459271.711,2459271.711,236.231,16.535,11.858,566.505,15.577,10.9,88.699,17.567,12.891,847.229,15.118,10.441,108.677,17.347,12.671
2459271.712,2459271.711,230.422,16.544,11.858,563.403,15.586,10.9,93.607,17.525,12.839,847.39,15.129,10.443,109.083,17.371,12.685
2459271.712,2459271.712,236.523,16.543,11.867,570.641,15.575,10.9,94.02,17.527,12.852,843.217,15.111,10.436,107.813,17.384,12.708
2459271.712,2459271.712,234.923,16.524,11.856,571.166,15.568,10.9,95.725,17.513,12.845,860.363,15.104,10.436,111.004,17.352,12.684
2459271.713,2459271.713,231.404,16.547,11.862,573.837,15.584,10.9,95.905,17.514,12.83,845.202,15.12,10.435,110.168,17.349,12.665
2459271.713,2459271.713,228.053,16.562,11.877,559.304,15.585,10.9,92.547,17.528,12.843,832.557,15.122,10.437,105.94,17.393,12.708
2459271.714,2459271.714,226.951,16.556,11.882,565.832,15.574,10.9,93.984,17.51,12.836,849.622,15.111,10.438,108.707,17.381,12.707
2459271.714,2459271.714,228.045,16.553,11.879,577.076,15.574,10.9,92.864,17.526,12.851,844.717,15.116,10.441,109.567,17.346,12.671
2459271.715,2459271.714,228.313,16.566,11.892,570.258,15.574,10.9,92.901,17.508,12.834,859.61,15.115,10.44,109.531,17.349,12.675
2459271.715,2459271.715,227.153,16.568,11.888,562.998,15.58,10.9,95.881,17.505,12.825,841.635,15.116,10.436,107.833,17.376,12.695
2459271.716,2459271.716,230.655,16.559,11.874,561.303,15.586,10.9,93.948,17.508,12.822,827.669,15.123,10.437,112.789,17.346,12.661
2459271.716,2459271.716,219.55,16.581,11.9,563.216,15.58,10.9,93.653,17.516,12.836,836.313,15.119,10.439,108.873,17.359,12.678
2459271.717,2459271.717,227.013,16.577,11.895,561.527,15.581,10.9,93.967,17.513,12.832,834.659,15.137,10.455,110.019,17.357,12.676
2459271.717,2459271.717,225.319,16.581,11.891,547.02,15.59,10.9,91.021,17.53,12.84,849.557,15.121,10.431,109.503,17.361,12.671
2459271.718,2459271.717,224.256,16.579,11.894,562.154,15.584,10.9,94.575,17.523,12.839,845.615,15.121,10.436,109.053,17.353,12.669
2459271.718,2459271.718,228.863,16.579,11.892,567.501,15.588,10.9,92.686,17.545,12.857,847.892,15.121,10.434,110.022,17.36,12.673
2459271.718,2459271.718,221.536,16.598,11.913,568.11,15.584,10.9,96.017,17.489,12.805,854.359,15.13,10.446,110.149,17.354,12.67
2459271.719,2459271.719,221.495,16.596,11.909,563.71,15.587,10.9,94.605,17.518,12.831,832.326,15.132,10.445,109.768,17.362,12.675
2459271.72,2459271.72,220.57,16.608,11.918,566.179,15.59,10.9,93.322,17.524,12.834,830.728,15.134,10.444,108.745,17.366,12.676
2459271.72,2459271.72,213.728,16.613,11.916,559.018,15.597,10.9,88.575,17.561,12.864,847.099,15.129,10.433,109.076,17.355,12.659
2459271.721,2459271.72,222.771,16.598,11.901,554.898,15.597,10.9,92.509,17.527,12.83,837.195,15.136,10.439,111.014,17.338,12.641
2459271.721,2459271.721,224.726,16.591,11.897,557.782,15.594,10.9,91.815,17.537,12.844,843.426,15.123,10.429,113.276,17.325,12.632
2459271.722,2459271.721,220.376,16.593,11.906,562.903,15.587,10.9,88.415,17.562,12.875,848.14,15.124,10.437,108.17,17.374,12.687
2459271.722,2459271.722,219.389,16.603,11.907,570.16,15.596,10.9,91.827,17.534,12.838,818.914,15.137,10.441,108.174,17.354,12.658
2459271.722,2459271.722,222.459,16.61,11.927,558.784,15.582,10.9,93.36,17.514,12.832,841.098,15.121,10.438,113.937,17.342,12.66
2459271.723,2459271.723,214.234,16.607,11.919,564.089,15.588,10.9,89.441,17.564,12.876,828.909,15.128,10.44,110.26,17.352,12.664
2459271.723,2459271.723,212.688,16.617,11.928,557.698,15.59,10.9,95.114,17.506,12.817,841.003,15.125,10.436,106.858,17.389,12.699
2459271.724,2459271.724,217.324,16.621,11.936,556.043,15.585,10.9,91.114,17.52,12.835,842.464,15.126,10.442,112.165,17.345,12.66
2459271.724,2459271.724,214.448,16.622,11.928,561.333,15.594,10.9,95.788,17.496,12.802,850.529,15.122,10.429,108.828,17.368,12.675
2459271.725,2459271.724,216.044,16.631,11.941,551.802,15.591,10.9,93.181,17.528,12.837,813.404,15.136,10.445,110.981,17.344,12.653
2459271.725,2459271.725,209.65,16.645,11.943,550.164,15.601,10.9,91.979,17.528,12.827,820.548,15.144,10.442,108.357,17.362,12.66
2459271.725,2459271.725,212.867,16.64,11.951,554.875,15.59,10.9,90.613,17.549,12.859,827.541,15.127,10.438,105.666,17.384,12.695
2459271.726,2459271.726,208.092,16.632,11.936,549.919,15.596,10.9,91.64,17.525,12.829,837.745,15.135,10.438,107.895,17.365,12.668
2459271.726,2459271.726,206.532,16.658,11.958,555.527,15.6,10.9,95.212,17.511,12.811,819.344,15.145,10.445,108.036,17.394,12.694
2459271.727,2459271.727,212.352,16.643,11.944,554.274,15.598,10.9,93.177,17.517,12.819,816.867,15.125,10.427,106.189,17.379,12.681
2459271.727,2459271.727,207.743,16.64,11.941,545.693,15.598,10.9,90.938,17.529,12.831,842.719,15.136,10.437,105.325,17.401,12.702
2459271.728,2459271.728,212.709,16.656,11.952,545.085,15.604,10.9,94.311,17.493,12.789,817.885,15.132,10.428,108.029,17.368,12.664
2459271.728,2459271.728,208.8,16.644,11.944,546.436,15.6,10.9,92.341,17.521,12.821,821.483,15.133,10.433,109.424,17.362,12.662
2459271.729,2459271.728,206.817,16.659,11.966,549.113,15.593,10.9,95.437,17.49,12.797,826.838,15.125,10.432,105.422,17.377,12.684
2459271.729,2459271.729,206.99,16.665,11.969,540.64,15.596,10.9,91.63,17.532,12.835,813.825,15.13,10.434,104.37,17.396,12.7
2459271.73,2459271.729,205.433,16.681,11.987,551.312,15.594,10.9,89.543,17.566,12.872,825.056,15.131,10.437,113.396,17.327,12.633
2459271.73,2459271.73,206.125,16.659,11.969,544.118,15.59,10.9,90.256,17.557,12.867,814.75,15.133,10.443,105.383,17.392,12.703
2459271.73,2459271.73,211.557,16.654,11.97,553.06,15.584,10.9,90.657,17.53,12.846,830.271,15.134,10.45,107.186,17.376,12.692
2459271.731,2459271.731,204.2,16.67,11.978,559.421,15.592,10.9,95.667,17.498,12.806,825.942,15.136,10.444,105.903,17.377,12.686
2459271.732,2459271.732,201.574,16.67,11.965,545.299,15.606,10.9,89.615,17.572,12.866,821.793,15.136,10.43,105.116,17.397,12.691
2459271.732,2459271.732,207.215,16.68,11.97,535.879,15.611,10.9,88.271,17.562,12.851,819.834,15.143,10.432,105.79,17.385,12.675
2459271.733,2459271.733,204.325,16.689,11.985,549.074,15.604,10.9,92.419,17.541,12.837,811.292,15.143,10.439,106.341,17.385,12.681
2459271.733,2459271.733,202.681,16.684,11.991,548.017,15.593,10.9,89.513,17.543,12.851,830.743,15.134,10.442,103.931,17.399,12.707
2459271.734,2459271.734,201.983,16.688,11.979,544.408,15.61,10.9,85.28,17.586,12.876,813.456,15.151,10.442,105.33,17.379,12.669
2459271.734,2459271.734,198.892,16.694,11.98,535.163,15.615,10.9,88.274,17.558,12.843,815.211,15.149,10.435,104.25,17.394,12.679
2459271.735,2459271.735,196.311,16.709,11.995,536.942,15.614,10.9,89.933,17.519,12.805,812.907,15.143,10.429,105.555,17.38,12.666
2459271.735,2459271.735,201.844,16.679,12.004,554.316,15.575,10.9,93.133,17.501,12.826,836.6,15.117,10.442,108.436,17.338,12.663
2459271.736,2459271.735,201.547,16.713,12.003,536.354,15.61,10.9,92.573,17.533,12.823,817.446,15.143,10.433,103.849,17.381,12.671
2459271.736,2459271.736,196.228,16.718,12.017,546.503,15.601,10.9,89.263,17.556,12.855,844.686,15.14,10.439,104.976,17.41,12.709
2459271.737,2459271.736,195.856,16.719,12.025,554.266,15.594,10.9,89.365,17.534,12.84,807.099,15.137,10.443,107.341,17.373,12.679
2459271.737,2459271.737,197.977,16.71,12.01,536.752,15.6,10.9,93.233,17.518,12.818,822.257,15.149,10.449,103.947,17.407,12.708
2459271.737,2459271.737,199.677,16.706,12.009,558.024,15.596,10.9,90.241,17.56,12.864,813.546,15.134,10.438,104.983,17.365,12.668
2459271.738,2459271.738,197.436,16.71,12.006,551.654,15.604,10.9,90.695,17.518,12.814,815.691,15.147,10.443,108.251,17.361,12.657
2459271.738,2459271.738,196.45,16.718,12.004,541.393,15.614,10.9,88.035,17.55,12.835,807.12,15.151,10.436,107.399,17.384,12.67
2459271.739,2459271.739,195.09,16.725,12.012,546.122,15.612,10.9,90.396,17.535,12.823,809.238,15.154,10.441,105.114,17.396,12.684
2459271.739,2459271.739,195.067,16.748,12.032,542.159,15.616,10.9,87.717,17.567,12.851,812.183,15.153,10.437,102.827,17.396,12.68
2459271.74,2459271.739,193.426,16.727,12.021,547.522,15.606,10.9,90.959,17.522,12.816,800.64,15.147,10.442,104.863,17.384,12.678
2459271.74,2459271.74,193.211,16.735,12.027,536.103,15.608,10.9,89.286,17.545,12.838,795.925,15.151,10.443,105.641,17.386,12.678
2459271.74,2459271.74,192.378,16.73,12.02,546.312,15.611,10.9,92.93,17.512,12.802,803.655,15.15,10.439,110.1,17.345,12.635
2459271.741,2459271.741,187.21,16.741,12.017,533.495,15.624,10.9,92.375,17.51,12.787,806.081,15.153,10.43,105.303,17.385,12.662
2459271.741,2459271.741,192.002,16.755,12.045,544.698,15.61,10.9,91.366,17.538,12.829,798.436,15.153,10.443,107.155,17.364,12.654
2459271.742,2459271.742,190.091,16.754,12.052,537.393,15.602,10.9,87.396,17.575,12.873,804.318,15.15,10.448,109.272,17.366,12.664
2459271.742,2459271.742,187.577,16.765,12.057,530.915,15.608,10.9,90.38,17.517,12.809,790.099,15.162,10.454,106.849,17.35,12.642
2459271.743,2459271.742,194.119,16.751,12.029,527.161,15.622,10.9,89.407,17.561,12.839,809.57,15.159,10.437,101.509,17.421,12.699
2459271.743,2459271.743,192.37,16.743,12.028,531.732,15.615,10.9,88.798,17.56,12.845,810.009,15.145,10.43,104.134,17.372,12.657
2459271.744,2459271.743,189.367,16.755,12.028,521.255,15.627,10.9,92.914,17.524,12.797,797.108,15.149,10.422,101.765,17.425,12.698
2459271.744,2459271.744,189.73,16.752,12.039,533.421,15.612,10.9,90.911,17.535,12.823,771.239,15.162,10.45,103.595,17.396,12.683
2459271.744,2459271.744,187.438,16.757,12.036,529.11,15.622,10.9,89.649,17.539,12.818,775.706,15.161,10.439,103.536,17.403,12.681
2459271.745,2459271.745,186.425,16.759,12.046,535.944,15.613,10.9,87.656,17.562,12.85,802.684,15.158,10.445,103.531,17.395,12.682
2459271.745,2459271.745,188.889,16.783,12.057,528.857,15.626,10.9,87.204,17.573,12.847,795.851,15.162,10.436,103.692,17.406,12.681
2459271.746,2459271.746,180.124,16.776,12.054,526.089,15.623,10.9,88.612,17.538,12.815,791.52,15.161,10.438,107.092,17.394,12.671
2459271.746,2459271.746,186.518,16.78,12.061,521.332,15.62,10.9,86.516,17.576,12.856,792.52,15.159,10.439,101.836,17.401,12.681
2459271.747,2459271.746,183.373,16.78,12.057,533.08,15.623,10.9,88.139,17.561,12.838,791.653,15.16,10.437,101.667,17.399,12.676
2459271.747,2459271.747,186.619,16.769,12.04,519.004,15.629,10.9,83.038,17.609,12.879,796.211,15.164,10.434,101.042,17.401,12.671
2459271.747,2459271.747,186.247,16.784,12.051,536.513,15.633,10.9,89.985,17.532,12.799,786.442,15.164,10.432,102.539,17.429,12.696
2459271.748,2459271.748,179.732,16.8,12.074,526.429,15.626,10.9,88.248,17.558,12.831,791.036,15.168,10.442,102.916,17.403,12.677
2459271.748,2459271.748,182.724,16.79,12.068,524.199,15.622,10.9,85.655,17.571,12.849,781.764,15.164,10.442,104.395,17.413,12.691
2459271.749,2459271.749,180.089,16.779,12.064,532.408,15.615,10.9,86.636,17.571,12.855,780.892,15.165,10.45,102.182,17.409,12.694
2459271.749,2459271.749,181.367,16.782,12.054,521.897,15.628,10.9,86.332,17.556,12.828,779.946,15.166,10.438,104.083,17.396,12.668
2459271.75,2459271.749,173.308,16.82,12.091,522.174,15.629,10.9,87.655,17.558,12.829,787.181,15.161,10.432,104.205,17.398,12.669
2459271.75,2459271.75,178.923,16.816,12.092,530.656,15.625,10.9,84.629,17.603,12.879,794.529,15.161,10.437,104.404,17.378,12.654
2459271.751,2459271.75,177.897,16.801,12.069,510.318,15.632,10.9,84.836,17.603,12.871,770.246,15.174,10.443,103.011,17.399,12.667
2459271.751,2459271.751,178.699,16.803,12.068,517.257,15.635,10.9,86.187,17.602,12.867,774.004,15.167,10.432,97.319,17.448,12.713
2459271.751,2459271.751,174.5,16.822,12.081,515.214,15.642,10.9,82.702,17.603,12.861,779.191,15.176,10.435,102.124,17.41,12.668
2459271.752,2459271.752,173.472,16.844,12.123,523.483,15.621,10.9,84.702,17.588,12.867,791.452,15.169,10.448,98.557,17.428,12.707
2459271.752,2459271.752,175.727,16.821,12.07,516.036,15.651,10.9,87.865,17.554,12.803,757.779,15.172,10.421,101.697,17.402,12.651
2459271.753,2459271.753,176.415,16.824,12.078,511.401,15.647,10.9,83.396,17.61,12.863,774.081,15.172,10.425,103.167,17.403,12.657
2459271.753,2459271.753,175.541,16.838,12.094,515.799,15.644,10.9,83.092,17.588,12.844,768.892,15.173,10.428,102.671,17.391,12.647
2459271.754,2459271.753,169.418,16.848,12.112,522.734,15.636,10.9,82.072,17.621,12.885,787.67,15.168,10.432,106.305,17.395,12.659
2459271.754,2459271.754,168.86,16.85,12.111,515.804,15.639,10.9,85.715,17.58,12.841,761.509,15.167,10.428,99.524,17.435,12.696
2459271.754,2459271.754,175.058,16.829,12.087,516.366,15.642,10.9,82.799,17.603,12.861,769.528,15.167,10.424,106.968,17.366,12.624
2459271.755,2459271.755,169.021,16.846,12.088,508.806,15.658,10.9,84.318,17.592,12.834,787.433,15.18,10.422,103.747,17.38,12.622
2459271.755,2459271.755,172.958,16.821,12.08,535.081,15.641,10.9,84.384,17.597,12.856,772.432,15.172,10.431,100.128,17.41,12.669
2459271.756,2459271.756,171.764,16.845,12.117,516.632,15.628,10.9,87.677,17.549,12.821,774.064,15.177,10.449,101.398,17.406,12.678
2459271.756,2459271.756,168.252,16.864,12.119,516.524,15.645,10.9,84.087,17.584,12.839,775.971,15.179,10.434,102.662,17.395,12.65
2459271.757,2459271.756,169.628,16.858,12.122,514.839,15.636,10.9,83.753,17.586,12.85,773.744,15.172,10.436,100.206,17.414,12.677
2459271.757,2459271.757,167.939,16.84,12.101,521.713,15.639,10.9,87.965,17.557,12.818,777.878,15.172,10.434,104.857,17.364,12.625
2459271.758,2459271.757,163.566,16.868,12.124,507.004,15.643,10.9,84.889,17.57,12.827,777.832,15.184,10.441,99.855,17.419,12.675
2459271.758,2459271.758,168.287,16.858,12.106,509.175,15.652,10.9,87.318,17.545,12.794,767.745,15.173,10.421,102.934,17.397,12.645
2459271.758,2459271.758,167.772,16.864,12.122,515.682,15.642,10.9,83.266,17.567,12.825,767.222,15.187,10.445,102.421,17.413,12.671
2459271.759,2459271.759,165.413,16.877,12.135,507.184,15.642,10.9,88.785,17.542,12.8,761.033,15.185,10.443,99.819,17.403,12.661
2459271.759,2459271.759,159.746,16.886,12.135,498.925,15.65,10.9,84.827,17.571,12.82,767.354,15.176,10.425,95.394,17.443,12.692
2459271.76,2459271.76,167.414,16.861,12.103,505.349,15.658,10.9,88.557,17.537,12.778,773.33,15.185,10.427,99.759,17.418,12.66
2459271.76,2459271.76,165.435,16.881,12.128,501.362,15.653,10.9,85.51,17.579,12.826,750.723,15.186,10.432,96.893,17.455,12.702
2459271.761,2459271.76,162.019,16.885,12.121,505.935,15.663,10.9,82.124,17.599,12.836,760.999,15.179,10.415,99.623,17.424,12.66
2459271.761,2459271.761,165.995,16.869,12.118,494.669,15.651,10.9,83.99,17.585,12.834,761.108,15.194,10.443,104.428,17.385,12.634
2459271.761,2459271.761,163.318,16.878,12.127,507.649,15.651,10.9,84.758,17.569,12.818,748.359,15.187,10.435,99.878,17.411,12.66
2459271.762,2459271.762,162.122,16.89,12.134,496.416,15.656,10.9,86.722,17.562,12.806,742.965,15.19,10.434,97.324,17.444,12.688
2459271.762,2459271.762,160.643,16.9,12.143,500.078,15.657,10.9,83.799,17.592,12.835,748.402,15.199,10.442,97.815,17.445,12.688
2459271.763,2459271.763,162.813,16.892,12.139,504.59,15.653,10.9,80.371,17.622,12.869,748.561,15.201,10.448,96.98,17.422,12.669
2459271.763,2459271.763,166.03,16.866,12.126,501.843,15.64,10.9,86.737,17.546,12.805,759.995,15.185,10.444,97.802,17.434,12.694
2459271.764,2459271.763,158.377,16.907,12.148,501.352,15.659,10.9,86.119,17.553,12.795,753.542,15.202,10.443,99.444,17.415,12.656
2459271.764,2459271.764,160.569,16.907,12.154,512.316,15.652,10.9,80.309,17.619,12.866,753.533,15.199,10.447,99.998,17.421,12.668
2459271.765,2459271.764,155.391,16.929,12.161,496.576,15.668,10.9,81.75,17.617,12.849,737.772,15.201,10.433,98.36,17.44,12.672
2459271.765,2459271.765,153.004,16.924,12.172,502.317,15.652,10.9,83.82,17.6,12.848,747.834,15.187,10.435,98.807,17.401,12.649
2459271.765,2459271.765,157.209,16.917,12.131,487.541,15.687,10.9,82.589,17.601,12.814,735.091,15.207,10.42,97.063,17.436,12.649
